x,y,index1,income,high_income,hh_propensity,a,utility,max_fs_prop,healthy_choice,unhealthy_choice
136387.5,459037.5,0,42.31227486885041,1,0.17538681520801314,9.827654502860902e-05,0,0,0,0
136787.5,459012.5,1,34.59129848105912,0,0.4496346067137056,-1.280175375471831e-05,0,0,0,0
136812.5,459012.5,2,62.2077118700778,1,1.5731348978881137,-4.739717035364799e-05,0,0,0,0
136512.5,458987.5,3,35.37907870396923,0,-0.24565910419855053,6.384572539894819e-06,0,0,0,0
136487.5,458962.5,4,38.99609841578182,1,1.3777377787065155,-2.3402569348086828e-05,0,0,0,0
136212.5,458937.5,5,53.72481117061563,1,1.456026998254992,-4.6942028478446596e-05,0,0,0,0
136537.5,458937.5,6,28.80767595143758,0,1.0356613076597552,-5.141690862495754e-05,0,0,0,0
137062.5,458887.5,7,31.983633420697114,0,1.8418272459588425,5.030056537746982e-05,0,0,0,0
136512.5,458862.5,8,39.77603225837035,1,1.2131318427910083,-7.650318632998921e-05,0,0,0,0
136662.5,458862.5,9,34.60130042220641,0,0.2845577313125376,6.89547649040812e-05,0,0,0,0
136787.5,458862.5,10,25.972353875781938,0,1.0267378568734675,4.902801139332745e-06,0,0,0,0
137087.5,458837.5,11,35.851234894124126,0,1.0170121172300801,7.852922409644602e-07,0,0,0,0
136862.5,458762.5,12,34.311710529987565,0,1.817803103998838,-1.1264068644941584e-05,0,0,0,0
135762.5,458737.5,13,43.934716026094954,1,0.5599642738620001,-1.4453277091052325e-05,0,0,0,0
137462.5,458737.5,14,21.252114705283056,0,1.317975976273864,1.3725008385096404e-05,0,0,0,0
136137.5,458687.5,15,30.898209623100485,0,0.2829247216277624,-5.6603150588396584e-05,0,0,0,0
135787.5,458662.5,16,49.4139100948717,1,0.9787135800270641,-3.5159278776110317e-05,0,0,0,0
136112.5,458662.5,17,56.47331007231312,1,1.0813350392738545,8.11429347682707e-05,0,0,0,0
137037.5,458637.5,18,22.78820442311634,0,1.3441936184058676,4.9312647799246636e-05,0,0,0,0
137287.5,458637.5,19,44.34847510892778,1,0.9948908981718692,8.873257587204652e-05,0,0,0,0
136212.5,458612.5,20,28.09392114781378,0,0.5805851959079424,3.8155507949844854e-05,0,0,0,0
136387.5,458587.5,21,29.331468452839097,0,-0.8519299929204529,8.796657252396512e-06,0,0,0,0
136887.5,458587.5,22,29.181208167443465,0,0.2918299139451572,-4.4976940413611734e-05,0,0,0,0
135087.5,458562.5,23,33.67492070837606,0,0.6646292995229919,-5.958145285983956e-05,0,0,0,0
135787.5,458562.5,24,47.864398269133616,1,0.6288168062432327,-3.055261761864248e-05,0,0,0,0
136462.5,458562.5,25,45.024212708765674,1,0.31340458646964153,9.533945519887544e-05,0,0,0,0
136362.5,458537.5,26,38.4914424321904,1,-0.20203516663908871,-9.513744696620319e-05,0,0,0,0
136437.5,458537.5,27,34.26689121518083,0,0.6481194173362343,7.003598540478722e-05,0,0,0,0
137612.5,458537.5,28,37.9328884293411,1,1.1613122742710402,-1.2434763812554746e-05,0,0,0,0
135712.5,458512.5,29,36.84069557942577,0,1.3919103753328659,-6.133979579176665e-05,0,0,0,0
136137.5,458512.5,30,45.8305331946197,1,1.6716423449774775,3.557665434592495e-05,0,0,0,0
134912.5,458487.5,31,31.584283702077844,0,0.4086810094513966,-9.117338668596729e-05,0,0,0,0
135712.5,458487.5,32,37.838050915142404,0,1.0616183009167206,-8.797690127041542e-05,0,0,0,0
137237.5,458487.5,33,36.88932388190755,0,1.2522784708280597,1.3249592978246524e-05,0,0,0,0
134787.5,458437.5,34,37.37691849148141,0,-0.28964298250000775,-3.711048496983274e-05,0,0,0,0
134862.5,458437.5,35,40.392176585649075,1,-0.28475803481578366,-1.9514671145336832e-05,0,0,0,0
136012.5,458437.5,36,39.87660091042498,1,1.5736363016799677,2.955076709488105e-05,0,0,0,0
136062.5,458437.5,37,51.248485742415816,1,0.1251484569597232,4.384289783466301e-05,0,0,0,0
136137.5,458437.5,38,37.03124393722364,0,0.32729388635585943,6.356309496159458e-05,0,0,0,0
136162.5,458437.5,39,53.51532293448891,1,0.6048393239216932,-5.675400178202075e-05,0,0,0,0
136187.5,458437.5,40,34.84146978833369,0,0.4105967678821343,-7.668745109620076e-06,0,0,0,0
134812.5,458412.5,41,33.12268582721787,0,0.7043356975033634,1.5796476104507892e-05,0,0,0,0
136037.5,458412.5,42,38.90738188752852,1,1.2822410764167733,-1.732816209459211e-05,0,0,0,0
137162.5,458412.5,43,41.45438472349352,1,1.2606695676139275,-7.490779729876597e-06,0,0,0,0
136087.5,458387.5,44,40.596124064467006,1,0.9188697946516324,-8.233917186948612e-05,0,0,0,0
137562.5,458387.5,45,50.81963383387963,1,1.0251383160899517,2.023035933567649e-05,0,0,0,0
138312.5,458387.5,46,49.29342978825284,1,1.0114474076605147,5.2544063234966746e-05,0,0,0,0
138837.5,458387.5,47,42.84440398121088,1,1.7492107220795567,8.647869094790426e-05,0,0,0,0
134762.5,458362.5,48,34.53663740863447,0,1.4231433200330366,9.226237294312834e-05,0,0,0,0
136187.5,458362.5,49,36.893856536928915,0,-0.7391952047750654,-2.9978173922318892e-05,0,0,0,0
137262.5,458362.5,50,52.033980179217835,1,0.7583777235878499,-5.702265839682337e-05,0,0,0,0
137587.5,458362.5,51,40.11254122851,1,1.4516616928478179,-9.694520842191723e-05,0,0,0,0
138362.5,458362.5,52,24.792268666202542,0,0.3397384908202832,-1.1237980386879156e-05,0,0,0,0
135062.5,458337.5,53,31.00434767951819,0,1.830264588299415,1.675427074632088e-06,0,0,0,0
136162.5,458337.5,54,32.12486766768592,0,0.4464240693089767,6.556081765520738e-05,0,0,0,0
137012.5,458337.5,55,49.422047703756746,1,1.8423826801734706,-7.35824989060288e-05,0,0,0,0
137712.5,458337.5,56,36.828360151758524,0,1.0440922208353753,-7.547131024237125e-05,0,0,0,0
138562.5,458337.5,57,60.5010677372027,1,-0.42641548418446296,-8.526854313863527e-05,0,0,0,0
135062.5,458287.5,58,44.46619470260427,1,1.1055263366591905,1.21410052203573e-05,0,0,0,0
136562.5,458287.5,59,39.14806825330194,1,0.7689108425679145,3.301595997608598e-05,0,0,0,0
135762.5,458262.5,60,33.5429608097151,0,-0.44438873501021425,-6.640692660187487e-05,0,0,0,0
137112.5,458262.5,61,47.62179309679172,1,1.1397824539485253,4.235860873283121e-05,0,0,0,0
137262.5,458262.5,62,35.4928885773593,0,1.261289027468464,-1.6700461357870228e-05,0,0,0,0
136437.5,458237.5,63,29.658765465828793,0,0.08207342792151628,3.6206237636204265e-05,0,0,0,0
137237.5,458237.5,64,43.58132717730888,1,0.5037195025650911,5.85300599963549e-05,0,0,0,0
137337.5,458237.5,65,38.02758316706164,1,1.603144401159442,-4.47548892748304e-05,0,0,0,0
134837.5,458187.5,66,49.79060725824544,1,1.4379037487217974,6.740456635877483e-05,0,0,0,0
136712.5,458187.5,67,37.164066812511585,0,0.6638332876099127,7.495354059352062e-05,0,0,0,0
134862.5,458162.5,68,9.30312033377444,0,0.9245256879275554,3.9905606024846115e-05,0,0,0,0
135012.5,458162.5,69,45.79366404179979,1,1.2864933364662718,-1.9192753976797678e-05,0,0,0,0
136812.5,458162.5,70,19.12259116052737,0,0.7944092504013369,-3.5901335665512903e-06,0,0,0,0
137862.5,458162.5,71,53.287561454090365,1,0.33801375960074687,5.1190701050653526e-05,0,0,0,0
134587.5,458137.5,72,56.113647385840686,1,-0.15040862112727016,9.98132160063055e-05,0,0,0,0
135012.5,458137.5,73,33.62968614095181,0,-0.48012036488114807,4.715347454837679e-05,0,0,0,0
137537.5,458137.5,74,26.252980898846047,0,-0.9845030313617806,-8.112222611560512e-05,0,0,0,0
137612.5,458137.5,75,23.929259753317385,0,1.371970258845209,4.1936813604253955e-05,0,0,0,0
134962.5,458112.5,76,46.626546212518306,1,0.6774526705698194,2.0969080787312477e-05,0,0,0,0
135012.5,458112.5,77,35.87881822379531,0,1.8621030336690505,6.8511342564534e-06,0,0,0,0
135187.5,458112.5,78,31.916400665778653,0,-0.20188137347977886,-7.574277667620686e-06,0,0,0,0
136287.5,458112.5,79,35.46580298753746,0,1.0872056762340048,9.554867664368124e-05,0,0,0,0
136487.5,458112.5,80,58.78514687597715,1,0.637392323777549,-7.683479982912149e-05,0,0,0,0
136937.5,458112.5,81,41.36919327087747,1,1.1100937286816732,-2.416007900943231e-06,0,0,0,0
138287.5,458112.5,82,45.35726950032455,1,0.9448729770949957,5.7486969154143166e-05,0,0,0,0
138562.5,458112.5,83,45.66907591123011,1,1.6853180265799508,5.357860397150156e-06,0,0,0,0
135087.5,458087.5,84,48.08421133187947,1,1.735931801106406,8.575112204129759e-05,0,0,0,0
136512.5,458087.5,85,48.513514386873794,1,1.399086154423065,8.31249048303292e-05,0,0,0,0
138412.5,458087.5,86,30.795335530040237,0,-0.21604084257330447,-3.986661160387879e-05,0,0,0,0
134562.5,458062.5,87,35.748121975763596,0,-0.8105267332174544,-1.9015314761270535e-05,0,0,0,0
137087.5,458062.5,88,30.292396914043117,0,0.812317287067597,3.0338314399804605e-05,0,0,0,0
139012.5,458062.5,89,30.788367716949296,0,-0.16043434166029336,7.497681665947371e-05,0,0,0,0
134987.5,458037.5,90,49.3150773743467,1,-0.16098113624769916,-3.0424686942919762e-05,0,0,0,0
135187.5,458037.5,91,32.882444528055,0,0.22274972113685942,-9.821831747686057e-05,0,0,0,0
135262.5,458037.5,92,37.10848638816857,0,0.7380428905455161,-2.8943111351190472e-05,0,0,0,0
136787.5,458037.5,93,30.971736579941773,0,1.3071787474540209,2.7634733290469768e-05,0,0,0,0
137712.5,458037.5,94,31.965972289568846,0,1.2974642707555772,7.15737129954248e-05,0,0,0,0
138587.5,458037.5,95,45.78237943539679,1,1.1669404713380445,1.2876883710905834e-05,0,0,0,0
134562.5,458012.5,96,33.44570008501395,0,-0.6643539501926929,-1.1241317344185336e-05,0,0,0,0
134937.5,458012.5,97,33.07879813292781,0,1.068251056314688,4.91731670019001e-05,0,0,0,0
135262.5,458012.5,98,42.8355766095143,1,-0.9714040763270775,-5.1622406642239075e-05,0,0,0,0
135512.5,458012.5,99,42.90487327497034,1,0.29976983934483625,2.74181583184484e-05,0,0,0,0
138587.5,458012.5,100,45.824226173066336,1,-0.3443827309413672,-9.951408895118458e-05,0,0,0,0
139012.5,458012.5,101,39.60764452465567,1,1.7150997622996371,-2.613190183961816e-05,0,0,0,0
134662.5,457987.5,102,20.362591395229536,0,1.2785734926018288,7.166106597525936e-05,0,0,0,0
135037.5,457987.5,103,44.20296476589501,1,1.6537111777141127,3.118077930554251e-05,0,0,0,0
138637.5,457987.5,104,42.88329214700258,1,1.782976385196298,-8.220279848906764e-05,0,0,0,0
135462.5,457962.5,105,48.08137609564609,1,1.8236178870831257,-9.336001301757094e-05,0,0,0,0
136537.5,457962.5,106,29.435313831217194,0,1.1366056858837768,5.9944265827258854e-05,0,0,0,0
134687.5,457937.5,107,63.10807634154992,1,0.9006214990697581,-1.514071327153917e-05,0,0,0,0
134987.5,457937.5,108,25.576138851967265,0,1.3795647706522964,1.0091695671462014e-05,0,0,0,0
135587.5,457937.5,109,45.169532606897995,1,0.1807716376564512,4.484012693637398e-05,0,0,0,0
137237.5,457937.5,110,38.359552241022904,1,1.483128769113363,1.0270835481996922e-05,0,0,0,0
135337.5,457912.5,111,33.02867354488805,0,0.6830067370740993,5.662019048952042e-05,0,0,0,0
135362.5,457912.5,112,46.061323611566394,1,1.7054467932724915,6.964969916584686e-05,0,0,0,0
135787.5,457912.5,113,35.085698787883324,0,0.699720816535518,7.766774933699648e-05,0,0,0,0
136237.5,457912.5,114,14.543781790560963,0,1.6914756610096884,-1.4470184088605039e-05,0,0,0,0
137212.5,457912.5,115,26.227215502898268,0,0.8564312268488683,5.891742870240355e-05,0,0,0,0
137887.5,457912.5,116,42.47658071586319,1,1.595848241853028,-9.65787008733495e-05,0,0,0,0
134662.5,457887.5,117,60.27965611736269,1,0.9278144756392077,-4.5436727114023535e-05,0,0,0,0
135337.5,457887.5,118,23.087407985239903,0,-0.1022139718128603,-9.61555312143367e-05,0,0,0,0
135562.5,457887.5,119,37.73054682272307,0,0.8563969194618863,-3.007695134993309e-05,0,0,0,0
135637.5,457887.5,120,52.40733543518575,1,1.5646183038001582,-7.409895936827469e-05,0,0,0,0
135937.5,457887.5,121,43.96870319141853,1,1.4035442833951222,-7.784174893188639e-05,0,0,0,0
136912.5,457887.5,122,34.1437915592143,0,1.7553305139281523,-4.681213692734907e-05,0,0,0,0
134687.5,457862.5,123,23.680754509015536,0,0.07998083295774983,-4.193528483945468e-05,0,0,0,0
134987.5,457862.5,124,20.088487019929794,0,-0.27391924051253347,5.7843339468054044e-05,0,0,0,0
138362.5,457862.5,125,30.420942126869193,0,0.1848209620921013,1.6978486063664184e-06,0,0,0,0
138487.5,457862.5,126,34.21590469014906,0,-0.377809769977943,4.8437212728148936e-05,0,0,0,0
134987.5,457837.5,127,15.40881871556521,0,0.42051786496506915,8.822588766216413e-05,0,0,0,0
135512.5,457837.5,128,20.963249591578105,0,0.6097203098367205,-5.623879831966801e-06,0,0,0,0
135787.5,457837.5,129,40.936484653082395,1,1.4875767661457373,9.859737779295776e-05,0,0,0,0
135912.5,457837.5,130,33.81007661962224,0,1.4933039287849263,-7.762170485804943e-05,0,0,0,0
136312.5,457837.5,131,30.351694095887478,0,-0.34967375767057596,-8.032691413929199e-05,0,0,0,0
137262.5,457837.5,132,33.82480834797817,0,-0.5550009827615343,-1.9099831398632178e-05,0,0,0,0
138437.5,457837.5,133,29.773752388936956,0,-0.6062959564537456,-2.8720976318107085e-05,0,0,0,0
134587.5,457812.5,134,47.175162079169716,1,1.6080362195177513,2.6224154158439918e-05,0,0,0,0
135662.5,457812.5,135,54.299540662187596,1,1.2280368881823307,7.540012978128175e-05,0,0,0,0
136312.5,457812.5,136,58.63615528656759,1,0.33857202666936015,5.272635903924733e-05,0,0,0,0
136762.5,457812.5,137,44.99797859793811,1,0.4843743331876986,5.075556792294557e-05,0,0,0,0
134487.5,457787.5,138,45.37152592209697,1,1.7540000859710365,-1.5236731198554004e-05,0,0,0,0
134562.5,457787.5,139,52.530954796733575,1,1.2876959340334535,-1.4704282526818835e-05,0,0,0,0
136337.5,457787.5,140,55.284488142376794,1,1.020338191950171,-5.6643580800643514e-05,0,0,0,0
137262.5,457787.5,141,52.55204884433141,1,0.527933102620942,1.1546951746070586e-05,0,0,0,0
137587.5,457787.5,142,50.02283405544346,1,1.469553492329358,4.260513199630263e-05,0,0,0,0
134712.5,457762.5,143,31.55347500383386,0,0.5908960063087854,-3.324172166317361e-05,0,0,0,0
135212.5,457762.5,144,21.9030149611176,0,0.5559996070073749,5.872316825838174e-05,0,0,0,0
137062.5,457762.5,145,46.671528121867425,1,1.354144597762641,5.69417653776538e-06,0,0,0,0
138587.5,457762.5,146,36.96167551333957,0,1.0920729528579405,7.032566294583067e-05,0,0,0,0
134587.5,457737.5,147,37.34328965312086,0,1.1650765222192834,-1.0976092997264943e-05,0,0,0,0
137162.5,457737.5,148,29.00579265888363,0,1.0884078469873697,-1.1424747215518278e-05,0,0,0,0
137562.5,457737.5,149,24.89048548304457,0,1.1902244469799474,8.21180484419315e-05,0,0,0,0
138662.5,457737.5,150,51.92166620375846,1,1.603865099716859,-1.5232591473177462e-05,0,0,0,0
134687.5,457712.5,151,42.55100993713695,1,0.7251302125743608,7.087704843811161e-05,0,0,0,0
134737.5,457712.5,152,27.249673806179935,0,0.6162538463283047,-6.53721979763133e-05,0,0,0,0
138037.5,457712.5,153,41.80420608044887,1,1.771889439281317,-5.577103510085273e-06,0,0,0,0
135462.5,457687.5,154,40.95600172208328,1,-1.3609071512050588,1.8335004274039977e-05,0,0,0,0
135537.5,457687.5,155,43.11849490316331,1,1.314526535705181,-4.088691189204019e-05,0,0,0,0
134537.5,457662.5,156,60.232708137448995,1,1.0326929266443439,-7.560766934184391e-05,0,0,0,0
134812.5,457662.5,157,37.552978987693415,0,0.3866673784569068,3.927249349243623e-06,0,0,0,0
136612.5,457662.5,158,25.103768177354084,0,1.465480969569274,9.61448263424913e-05,0,0,0,0
136912.5,457662.5,159,38.26542641487253,1,1.1590655511997645,4.629551798049468e-05,0,0,0,0
137437.5,457662.5,160,31.436434144761947,0,-0.2257329450728376,-9.253956233059244e-05,0,0,0,0
137712.5,457662.5,161,43.385678368565735,1,1.5318673256306372,-6.157431928104231e-05,0,0,0,0
136037.5,457637.5,162,40.00542456028289,1,1.7000955308933738,-2.012791567633428e-06,0,0,0,0
137762.5,457637.5,163,41.36501750475986,1,1.45507926627385,-9.230172993583744e-05,0,0,0,0
138362.5,457637.5,164,32.22948831732807,0,-0.009787298064069416,-9.933872871268457e-06,0,0,0,0
137112.5,457612.5,165,42.03678808343116,1,0.8427669968682343,-2.1078835708013754e-09,0,0,0,0
137762.5,457612.5,166,32.79743943923714,0,-0.3556567938452033,2.2967974325443702e-05,0,0,0,0
137837.5,457612.5,167,43.07259354716214,1,1.0052923698435148,-5.4281702988467085e-05,0,0,0,0
134712.5,457587.5,168,34.88994871615853,0,0.8508376834348543,-3.618006665103943e-05,0,0,0,0
134737.5,457587.5,169,26.71593568718628,0,0.5779548955318163,9.320415604203331e-05,0,0,0,0
134912.5,457587.5,170,42.885236236185634,1,1.1926954254665407,8.618741420064386e-06,0,0,0,0
135387.5,457587.5,171,30.83906130062659,0,0.9178813688457792,-3.602219005715608e-05,0,0,0,0
135737.5,457587.5,172,52.33881103376141,1,0.7891324507124717,6.303820423111802e-05,0,0,0,0
135462.5,457562.5,173,42.32956260863936,1,0.5411121135454633,2.6943217625243512e-06,0,0,0,0
135662.5,457562.5,174,42.57705214628766,1,0.5624005258430662,4.848299823704358e-05,0,0,0,0
136037.5,457562.5,175,38.91344790142049,1,1.4419141622939096,7.388389790877362e-05,0,0,0,0
136287.5,457562.5,176,37.306480191221866,0,1.178840389019479,4.099510000508113e-05,0,0,0,0
138537.5,457562.5,177,14.033022556206227,0,0.18910372793659347,1.6629139838619545e-06,0,0,0,0
135212.5,457537.5,178,50.121705568780826,1,-0.834912807648345,-7.245442428296299e-06,0,0,0,0
135712.5,457537.5,179,29.760879922534446,0,0.9833382789982972,-3.068809125426601e-05,0,0,0,0
136412.5,457537.5,180,47.46261857380769,1,1.8414341680002506,3.4300082350002746e-05,0,0,0,0
137062.5,457537.5,181,31.51489444579498,0,0.7486263156127455,-6.857243111240942e-05,0,0,0,0
137387.5,457537.5,182,36.46873582342855,0,1.8181722157669182,-1.0691936067448919e-05,0,0,0,0
135512.5,457512.5,183,35.658101674274775,0,0.48562108173586527,-6.388831797966003e-05,0,0,0,0
137637.5,457512.5,184,27.5150475989064,0,-0.21249167148424264,-8.416696613252242e-05,0,0,0,0
134712.5,457487.5,185,36.18290951560705,0,0.5312528496520952,-3.7016099050064957e-05,0,0,0,0
135287.5,457487.5,186,42.66346176346812,1,0.4710800871198084,-5.3464615361404724e-05,0,0,0,0
136762.5,457487.5,187,33.758217344120965,0,1.3505508420628463,4.3201581101199056e-05,0,0,0,0
137387.5,457487.5,188,25.259166568565043,0,-0.23803405158892432,-9.73315837728354e-05,0,0,0,0
137862.5,457487.5,189,32.16784443986172,0,-0.14464991765478463,9.486288898251546e-05,0,0,0,0
134987.5,457462.5,190,40.3981731592122,1,0.6783110454328312,1.6618800454507211e-06,0,0,0,0
136212.5,457462.5,191,49.37202081614916,1,0.6556166321397661,-7.200470645924273e-05,0,0,0,0
136387.5,457462.5,192,46.25943956772204,1,1.712357887961045,-9.015321667980004e-05,0,0,0,0
136612.5,457462.5,193,40.77403645038429,1,1.4670031585228807,5.1188568008115205e-06,0,0,0,0
137512.5,457462.5,194,27.94403701086832,0,0.07288813637171776,-8.715522899562638e-05,0,0,0,0
137887.5,457462.5,195,46.96889467565936,1,1.3284236828229634,-5.474675916258789e-05,0,0,0,0
134762.5,457437.5,196,38.142107443861256,1,1.4636584707537188,9.11849598404547e-05,0,0,0,0
135562.5,457437.5,197,35.50018265308959,0,1.3407975839789592,-7.029614271035394e-05,0,0,0,0
136437.5,457437.5,198,47.00110563906809,1,0.6803172389481555,-3.1515016414056365e-05,0,0,0,0
136787.5,457437.5,199,44.07844750839278,1,0.9448245480882642,4.07906028684684e-05,0,0,0,0
137637.5,457437.5,200,42.896180438653246,1,1.0580970785447623,1.1525921040983088e-05,0,0,0,0
138037.5,457437.5,201,26.384557547245663,0,-0.5251546179596545,4.291690249284355e-06,0,0,0,0
138587.5,457437.5,202,31.794835993628563,0,0.7035749142883478,7.136894502633412e-05,0,0,0,0
134837.5,457412.5,203,20.861145924799764,0,1.5279619340069348,3.175518474671537e-05,0,0,0,0
136662.5,457412.5,204,39.84437377799697,1,1.5618753900666813,-4.115517522376522e-05,0,0,0,0
138637.5,457412.5,205,38.18241248478618,1,-0.14527212154642277,2.6345983307851084e-05,0,0,0,0
134262.5,457387.5,206,47.22560506316975,1,1.4305275928623078,-2.762581261622585e-05,0,0,0,0
135112.5,457387.5,207,40.02043318769676,1,1.2415522552643163,-8.932651875898497e-05,0,0,0,0
136437.5,457387.5,208,34.22055431448766,0,0.6418194525410605,7.495185036781141e-05,0,0,0,0
136887.5,457387.5,209,59.01488404373246,1,1.714096356690474,8.114575508203212e-05,0,0,0,0
134562.5,457362.5,210,27.6042650576483,0,1.650645234970511,8.074508294984862e-05,0,0,0,0
136912.5,457362.5,211,24.53719690778459,0,0.9813242586487867,3.337326029584176e-05,0,0,0,0
137912.5,457362.5,212,31.794326422089643,0,0.20458727911709662,-1.0565061664761613e-05,0,0,0,0
137987.5,457362.5,213,43.146942624732844,1,1.9237194457923565,-5.495250436491963e-05,0,0,0,0
134612.5,457337.5,214,34.40691874451345,0,0.9032499837445549,2.816309887163532e-06,0,0,0,0
135112.5,457337.5,215,33.49261537351532,0,-0.8239753675874124,2.3630786608146026e-05,0,0,0,0
136637.5,457337.5,216,26.687123991021515,0,-0.06472961742036376,-2.5179096600602907e-05,0,0,0,0
136837.5,457337.5,217,52.628447297202484,1,0.5326806221965716,-2.528705902368777e-05,0,0,0,0
134737.5,457312.5,218,31.666277624736647,0,1.6385991827980368,-1.982362199578889e-05,0,0,0,0
134862.5,457312.5,219,27.09298047753747,0,-0.4594978977028612,-7.984083052187707e-05,0,0,0,0
135037.5,457312.5,220,36.67469907305876,0,1.1791327017739448,5.729990482872256e-05,0,0,0,0
135237.5,457312.5,221,29.82256904449046,0,0.535652863863842,2.11362293006309e-05,0,0,0,0
135587.5,457312.5,222,35.574437761846276,0,0.9309852421675529,9.844715985884562e-05,0,0,0,0
137712.5,457312.5,223,51.251503366259016,1,0.6047806652408241,2.8673638806730835e-05,0,0,0,0
138087.5,457312.5,224,33.43543273307489,0,1.4660124613289813,-6.042537569971907e-05,0,0,0,0
138162.5,457312.5,225,37.402113156884504,0,-0.07320144012462082,5.2405687905027494e-05,0,0,0,0
135737.5,457287.5,226,34.21455220919153,0,1.1117158624414873,6.658436694961883e-05,0,0,0,0
136012.5,457287.5,227,35.98260431548281,0,0.5379490203770869,-4.361335800300941e-05,0,0,0,0
138387.5,457287.5,228,46.09679920076222,1,0.6159206041720555,-7.48932687902469e-05,0,0,0,0
134987.5,457262.5,229,43.216337242935,1,1.5562395387306345,6.746393591770338e-05,0,0,0,0
135387.5,457262.5,230,34.48384964101291,0,0.3671541502769444,-2.0481104122321763e-05,0,0,0,0
136687.5,457262.5,231,28.590995194731697,0,-0.614350133376,5.7137936884465006e-05,0,0,0,0
136862.5,457262.5,232,36.557830057190294,0,0.22087131830874185,6.165243175369383e-05,0,0,0,0
134337.5,457237.5,233,46.22593613024329,1,0.5265294928048743,5.106136141718697e-05,0,0,0,0
134462.5,457237.5,234,37.72646731047925,0,0.20261926896453497,4.5232947712005406e-05,0,0,0,0
136687.5,457237.5,235,36.62341778046415,0,-0.36172023079215565,-3.9931724635183686e-05,0,0,0,0
138162.5,457237.5,236,19.82083375783995,0,1.0984743363731138,3.1649488424082274e-05,0,0,0,0
135112.5,457212.5,237,47.83968976871692,1,1.1750199819637008,-1.314716330469144e-05,0,0,0,0
136087.5,457212.5,238,22.98871141181747,0,0.7036611327175586,6.991014647536312e-05,0,0,0,0
136787.5,457212.5,239,25.078925199380905,0,0.15330313648969174,9.257163576049471e-06,0,0,0,0
134887.5,457187.5,240,34.142925902190505,0,0.6606088567118884,7.385737152810645e-05,0,0,0,0
136662.5,457187.5,241,38.24643875767792,1,-0.019037134830455438,-9.916386221737233e-05,0,0,0,0
135587.5,457162.5,242,38.35078158083864,1,-0.18669812355137028,4.0071824020672405e-05,0,0,0,0
135662.5,457162.5,243,30.262531071536554,0,-1.1322526517188316,-6.385453629536599e-05,0,0,0,0
136512.5,457162.5,244,34.768614928033685,0,0.7761336762618787,-1.2324724922079273e-05,0,0,0,0
136687.5,457162.5,245,31.83010464423779,0,0.1322644681378935,3.830771413355281e-06,0,0,0,0
134912.5,457137.5,246,19.80448771176318,0,1.027650384754112,1.7482969642072804e-05,0,0,0,0
136462.5,457137.5,247,35.34482257728953,0,-0.26470754959477016,-2.5302691005388024e-05,0,0,0,0
137112.5,457137.5,248,30.96200653183186,0,-0.04444606530456818,-9.975158892303695e-05,0,0,0,0
137337.5,457137.5,249,42.09197757640167,1,1.7515409419255796,-3.873107816734291e-05,0,0,0,0
134337.5,457112.5,250,36.4479981343794,0,0.07429503901577839,-1.390700954454922e-05,0,0,0,0
135787.5,457112.5,251,47.53801299882085,1,1.4333306291086183,-5.194009065671668e-05,0,0,0,0
136087.5,457112.5,252,44.86221988226705,1,1.0684384668479119,9.993626855140027e-05,0,0,0,0
136337.5,457112.5,253,46.89405462375897,1,0.44704251709264087,-9.842397794471887e-06,0,0,0,0
137062.5,457112.5,254,49.98378073151959,1,1.233451304615493,-5.561041707707255e-05,0,0,0,0
138137.5,457112.5,255,44.8325370431234,1,0.7124451803851288,-6.717049052845841e-05,0,0,0,0
134512.5,457087.5,256,36.23639388635023,0,0.07448887937564352,1.16784466461337e-06,0,0,0,0
136512.5,457087.5,257,51.43113110506985,1,1.1298792242371136,7.73991743962767e-05,0,0,0,0
136837.5,457087.5,258,28.613734869828612,0,1.785864339725617,-7.034935009404555e-05,0,0,0,0
137387.5,457087.5,259,37.545275130538386,0,0.9069548531410212,-9.33625303472472e-05,0,0,0,0
134237.5,457062.5,260,46.49645951762804,1,0.7323391938180279,-5.935625655851738e-05,0,0,0,0
134312.5,457062.5,261,35.02503390392792,0,1.421409549232516,5.775407949787626e-05,0,0,0,0
136587.5,457062.5,262,45.049499462374364,1,0.25042565153627505,3.262445539463906e-05,0,0,0,0
136737.5,457062.5,263,29.865473991847907,0,1.1939519051551994,-2.95818855177199e-05,0,0,0,0
136812.5,457062.5,264,32.495180420092865,0,1.7127853937014539,-4.518285660377286e-05,0,0,0,0
137037.5,457062.5,265,43.36177426368389,1,0.22704496634526938,4.928774342266634e-05,0,0,0,0
137712.5,457062.5,266,45.01889260518654,1,1.6660589154462433,-5.196798170078758e-05,0,0,0,0
137837.5,457062.5,267,49.87154490282053,1,1.1719484357049201,6.090937333803663e-05,0,0,0,0
137937.5,457062.5,268,37.1993297494733,0,0.09763583690011579,-7.72207842230918e-05,0,0,0,0
138112.5,457062.5,269,40.88227121726258,1,1.9567079982983695,-8.891564252429797e-05,0,0,0,0
135512.5,457037.5,270,44.16192607281411,1,1.2952749220837925,-7.724765987352678e-05,0,0,0,0
136412.5,457037.5,271,42.574320582692664,1,1.0782258715758166,5.539048213407322e-06,0,0,0,0
136587.5,457037.5,272,24.873785682502117,0,0.7432063981941095,-3.825152367535267e-06,0,0,0,0
136612.5,457037.5,273,32.199103502999975,0,0.5230229772367827,8.701744135043277e-05,0,0,0,0
137012.5,457037.5,274,52.32950010096787,1,1.1274279273250016,-7.34726646300251e-05,0,0,0,0
137987.5,457037.5,275,25.460048657780902,0,0.856035557790161,-9.16671513920192e-05,0,0,0,0
135212.5,457012.5,276,44.188803314609245,1,-0.5056518880601162,5.139093695363094e-05,0,0,0,0
135387.5,457012.5,277,33.644078737325756,0,0.39533252396048235,-2.274016929930514e-05,0,0,0,0
136262.5,457012.5,278,47.93209559818071,1,0.7247496428966347,2.1515087916135783e-05,0,0,0,0
136937.5,457012.5,279,30.118223913063655,0,0.6124238169751166,3.5819760318525306e-05,0,0,0,0
137837.5,457012.5,280,38.38944630112707,1,0.8791160530310975,-6.216358867553354e-05,0,0,0,0
138137.5,457012.5,281,17.635981115014317,0,-0.39801785409714774,-1.9744797147016425e-05,0,0,0,0
134437.5,456987.5,282,37.480636498737525,0,0.48661836104520084,-2.513073721805433e-05,0,0,0,0
135187.5,456987.5,283,48.64542779340548,1,0.9728088123658405,-5.6021596887123784e-05,0,0,0,0
135287.5,456987.5,284,22.89140599720894,0,0.18722602918457332,1.9831901815577896e-05,0,0,0,0
135887.5,456987.5,285,49.75744434471747,1,0.7066636206540466,3.9788330443322586e-05,0,0,0,0
136062.5,456987.5,286,30.749187580220642,0,0.8847036435156874,-2.749774568034363e-05,0,0,0,0
136287.5,456987.5,287,37.387614749240555,0,0.967019921411223,5.6390213703636825e-05,0,0,0,0
136687.5,456987.5,288,10.154166392291135,0,1.109424594583254,-4.073725576342413e-05,0,0,0,0
136937.5,456987.5,289,48.686281312529076,1,0.4421796407579861,5.150473263675785e-05,0,0,0,0
137862.5,456987.5,290,29.143140830756845,0,0.44803394551389086,1.2495908075399998e-05,0,0,0,0
135012.5,456962.5,291,32.518906808048264,0,0.9730679825400661,9.873032018625754e-05,0,0,0,0
136662.5,456962.5,292,25.11784300989959,0,0.9758128361668632,-7.743080470878333e-05,0,0,0,0
137812.5,456962.5,293,27.972305538457604,0,0.7688883215300004,-3.6282218060883236e-05,0,0,0,0
135712.5,456937.5,294,49.33427887634587,1,0.13907186516710324,8.450637156669846e-05,0,0,0,0
134887.5,456912.5,295,32.809274015407745,0,1.220569671079545,-3.701987210240869e-05,0,0,0,0
135487.5,456912.5,296,46.850009387900045,1,1.7059458235757083,-4.188486761547378e-06,0,0,0,0
135512.5,456912.5,297,36.1379663382077,0,0.5494865544720531,9.185653004675999e-05,0,0,0,0
136962.5,456912.5,298,41.36083468555648,1,1.6054254965443748,2.7831928216282874e-05,0,0,0,0
135387.5,456887.5,299,32.83689870711266,0,1.7184010430476153,-1.4085286580212724e-05,0,0,0,0
135987.5,456887.5,300,42.17164019963889,1,1.6907704727268915,4.94330980025168e-05,0,0,0,0
137437.5,456887.5,301,63.7856958564098,1,0.5847499811985255,-5.97042590596087e-05,0,0,0,0
137687.5,456887.5,302,44.42893014777449,1,0.49877184253265083,3.399377164075715e-05,0,0,0,0
137962.5,456887.5,303,42.958397918952755,1,0.17071268896608816,4.62671839131126e-05,0,0,0,0
134087.5,456862.5,304,33.14049169353659,0,0.24886742063314138,-9.566696852359635e-05,0,0,0,0
136212.5,456862.5,305,48.00908739659707,1,0.13992168151470663,-4.779608844106016e-05,0,0,0,0
136312.5,456862.5,306,51.492009708924975,1,1.1680740641767726,-9.132342287842404e-06,0,0,0,0
136812.5,456862.5,307,20.879100333890133,0,-0.6373070972757509,7.034505991992955e-05,0,0,0,0
137612.5,456862.5,308,24.09667770216555,0,1.5681658563866359,-9.422088930228798e-05,0,0,0,0
134512.5,456837.5,309,58.91776683209765,1,0.7676873323089737,-8.55033117476606e-05,0,0,0,0
135537.5,456837.5,310,42.15899167534454,1,-0.31778655651679344,-9.391007269313244e-05,0,0,0,0
136337.5,456837.5,311,39.192002290299065,1,-0.5540423329357749,8.203101115279942e-05,0,0,0,0
136562.5,456837.5,312,43.529625132005755,1,0.7388865589355755,-3.599942008524859e-05,0,0,0,0
137387.5,456837.5,313,48.867647243543644,1,0.42730562318053833,7.943757347468482e-05,0,0,0,0
137937.5,456837.5,314,45.908188507530134,1,-0.327538467338474,3.5041047384458e-05,0,0,0,0
138087.5,456837.5,315,35.66916733215339,0,0.7713905066668234,-2.0225069078475528e-05,0,0,0,0
134062.5,456812.5,316,58.53670664108184,1,1.3894658716532873,5.450933598331066e-05,0,0,0,0
134112.5,456812.5,317,38.026235014144994,1,1.3372069562798772,7.565257580757416e-05,0,0,0,0
134337.5,456812.5,318,29.152262028927417,0,1.8168917367814816,3.492045971689984e-05,0,0,0,0
136187.5,456812.5,319,32.32920619382473,0,-0.5729560650218457,1.4793121366069476e-05,0,0,0,0
137712.5,456812.5,320,36.576980495437,0,1.3026258402442839,2.0333828326335674e-06,0,0,0,0
138087.5,456812.5,321,34.10775014796379,0,0.9340765780094302,1.2095208707274077e-05,0,0,0,0
139237.5,456812.5,322,36.02206293803721,0,0.35304065383065275,-8.81937404597951e-05,0,0,0,0
134487.5,456787.5,323,41.054661502200844,1,1.423078210057101,5.2327890885624876e-05,0,0,0,0
134937.5,456787.5,324,5.06084552373342,0,1.6338826198503509,4.353435806225433e-05,0,0,0,0
135712.5,456787.5,325,30.113067472767383,0,0.1301471468838833,2.481831014715162e-05,0,0,0,0
136212.5,456787.5,326,47.40344708045329,1,-0.44615322148039027,5.6848145627943036e-05,0,0,0,0
136687.5,456787.5,327,43.53001301369281,1,0.5644157321367311,-4.124182003304189e-05,0,0,0,0
137587.5,456787.5,328,31.093459346458076,0,0.7861067159045181,1.541253704309113e-05,0,0,0,0
139237.5,456787.5,329,31.654966095574956,0,-0.912294796612195,-5.2757616430393055e-05,0,0,0,0
136162.5,456762.5,330,49.304959380936964,1,1.237353600596347,-7.459540586607263e-05,0,0,0,0
137762.5,456762.5,331,35.42271056781937,0,1.6884460112571986,-6.709781430965485e-05,0,0,0,0
135987.5,456737.5,332,32.59794725102066,0,1.2458202542863752,-5.300087312007938e-05,0,0,0,0
136587.5,456737.5,333,56.45714404298354,1,1.010486896867826,9.065321751280219e-05,0,0,0,0
139062.5,456737.5,334,34.201278733279274,0,-0.1747010422239066,2.2676537274391627e-06,0,0,0,0
134162.5,456712.5,335,44.74246816180101,1,0.4193978052926344,6.222419690974801e-05,0,0,0,0
135962.5,456712.5,336,37.443297029415305,0,0.6502694092118722,6.931168056730528e-05,0,0,0,0
137537.5,456712.5,337,38.40786649827035,1,0.05944798453315103,8.576837035355053e-05,0,0,0,0
137637.5,456712.5,338,28.427744439617634,0,-0.930942890629826,-5.661017839979303e-06,0,0,0,0
137962.5,456712.5,339,29.630125816406352,0,0.0856087278054245,6.851425361082971e-05,0,0,0,0
134212.5,456687.5,340,50.48073606676455,1,0.71090377452723,-7.967564225755738e-05,0,0,0,0
134237.5,456687.5,341,26.511097417570674,0,0.7704158881795466,9.692493378569686e-05,0,0,0,0
134862.5,456687.5,342,40.673601174326514,1,0.9080000597743649,-5.9432430613766287e-05,0,0,0,0
136512.5,456687.5,343,25.955540355834657,0,0.7887562349174293,6.902220273099568e-05,0,0,0,0
136612.5,456687.5,344,35.495631650929965,0,1.380016094814867,-2.8092282276472638e-06,0,0,0,0
136662.5,456687.5,345,37.52791734184226,0,0.8605475787127608,7.130379581072852e-05,0,0,0,0
137862.5,456687.5,346,21.60321601102754,0,-0.13820356136987444,-6.064516607857933e-05,0,0,0,0
136362.5,456662.5,347,49.24863375347766,1,0.9218674756834071,1.8568831926971515e-05,0,0,0,0
136662.5,456662.5,348,36.06200568479693,0,-1.1173044132214396,-4.524512087795718e-05,0,0,0,0
136762.5,456662.5,349,50.04737728404154,1,0.9195596489704627,7.791298609720832e-05,0,0,0,0
136787.5,456662.5,350,28.557214050095887,0,1.2722576215633516,-5.03560462904779e-05,0,0,0,0
137012.5,456662.5,351,47.01862413002994,1,0.5966647541355092,2.828452802376668e-05,0,0,0,0
138162.5,456662.5,352,61.242400950999205,1,0.7609891151494543,-5.6119340222079495e-06,0,0,0,0
134562.5,456637.5,353,40.06531955675322,1,1.3670215083041137,-2.3038523472738645e-06,0,0,0,0
135712.5,456637.5,354,31.429315226459185,0,1.2256931499671087,9.595472754788027e-07,0,0,0,0
136212.5,456637.5,355,42.6870605481716,1,-0.3292729896213067,2.2809647431582905e-05,0,0,0,0
136762.5,456637.5,356,39.308271527215965,1,1.284297040141952,-8.96832089026553e-06,0,0,0,0
137237.5,456637.5,357,35.800013989782386,0,1.111051452963808,-4.3888839009423864e-05,0,0,0,0
138187.5,456637.5,358,36.694933559844486,0,0.5022694685493274,6.625045675944933e-05,0,0,0,0
135762.5,456612.5,359,32.11174217478199,0,1.1962681105631257,-1.9198480177010717e-05,0,0,0,0
135962.5,456587.5,360,42.138675932916634,1,1.4568440307340862,7.12614994151546e-05,0,0,0,0
136237.5,456587.5,361,34.02668636650006,0,0.2950527436602779,4.788823405826177e-05,0,0,0,0
136612.5,456587.5,362,29.331318516799712,0,0.7557107687275235,4.088632675120888e-05,0,0,0,0
136862.5,456587.5,363,46.053138930730874,1,1.3190032449904652,2.905883798637275e-06,0,0,0,0
137362.5,456587.5,364,36.24183981881161,0,1.4095839604125047,-3.7119158366444045e-05,0,0,0,0
136412.5,456562.5,365,64.35353445393963,1,1.4711756143895887,-1.9101165696564263e-05,0,0,0,0
136487.5,456562.5,366,35.40530123435323,0,0.3186201623859066,4.861860788607947e-06,0,0,0,0
136612.5,456562.5,367,30.726621050628854,0,0.5080385395819289,2.6382589584779563e-05,0,0,0,0
133987.5,456537.5,368,32.405026676366084,0,-0.043929769360014026,6.68690818352882e-05,0,0,0,0
136112.5,456537.5,369,41.61086950584862,1,0.3127772245160094,-2.0429408862658455e-05,0,0,0,0
137212.5,456537.5,370,30.92654194209532,0,1.6350028572078892,8.87073347341138e-05,0,0,0,0
137537.5,456537.5,371,25.26698836833876,0,1.3979223293300604,-6.5255871055121e-05,0,0,0,0
138187.5,456537.5,372,54.29212334793982,1,1.5923412848097271,-7.154008244849977e-05,0,0,0,0
138162.5,456512.5,373,25.498553640900674,0,0.8501675628621617,6.487313111102712e-05,0,0,0,0
134462.5,456487.5,374,53.03645767997689,1,-1.1545822363354628,-5.0634091167082506e-05,0,0,0,0
135912.5,456487.5,375,39.31056566569994,1,1.2496818838538193,4.708049725749159e-05,0,0,0,0
137412.5,456487.5,376,27.279020411116786,0,0.640598310969335,-5.4672114553569065e-05,0,0,0,0
137662.5,456487.5,377,54.5638040156906,1,0.6223090646916298,-5.855022495747025e-05,0,0,0,0
134287.5,456462.5,378,35.86546395979375,0,0.48019139552308143,-7.512714310697497e-05,0,0,0,0
134837.5,456462.5,379,27.82452471921695,0,-0.8688232332012416,8.781835620589379e-05,0,0,0,0
136612.5,456462.5,380,38.554095592801644,1,1.6456602380034049,-5.176765743491909e-06,0,0,0,0
137037.5,456462.5,381,50.76445738292048,1,1.1876541061826815,1.0035552923930594e-05,0,0,0,0
137337.5,456462.5,382,44.737433172190975,1,0.7136227208646932,-3.318187333403975e-05,0,0,0,0
138112.5,456462.5,383,46.16244795935599,1,-0.8206472425539415,5.895020457541379e-06,0,0,0,0
134187.5,456437.5,384,55.44336324244897,1,1.849175241657813,-9.313425524489523e-05,0,0,0,0
134362.5,456437.5,385,40.045639845290744,1,0.19740540546240393,8.719293651157253e-05,0,0,0,0
134612.5,456437.5,386,41.65814785411401,1,0.886957959716725,-5.3201708008837235e-05,0,0,0,0
136412.5,456437.5,387,35.64015834499076,0,-0.08560939890815478,-6.640393796809226e-05,0,0,0,0
136562.5,456437.5,388,23.35306128896029,0,-1.0545709877564509,7.067811177160435e-05,0,0,0,0
137037.5,456437.5,389,36.454653402185954,0,0.9847983406075396,-9.909041609940209e-05,0,0,0,0
137287.5,456437.5,390,54.069788055097945,1,1.7005090043377105,-5.82886687866508e-05,0,0,0,0
134312.5,456412.5,391,20.589463718874534,0,0.43536897201471936,7.356403494494878e-05,0,0,0,0
134812.5,456412.5,392,51.33946134660979,1,1.5984368270237836,-1.1489319655223377e-05,0,0,0,0
135037.5,456412.5,393,40.51539573896322,1,1.4886675451201525,3.422388029697601e-05,0,0,0,0
135062.5,456412.5,394,28.794806460738783,0,-0.08986352758816163,-4.3977843952823095e-05,0,0,0,0
135837.5,456412.5,395,38.554694907563416,1,0.1490229967052188,3.059816149815623e-05,0,0,0,0
135862.5,456412.5,396,55.66322129148415,1,1.882572133192563,-8.794600872893266e-05,0,0,0,0
136337.5,456412.5,397,32.168668116252036,0,0.8935843256098459,-2.8802628874103345e-05,0,0,0,0
136912.5,456412.5,398,45.80593612897077,1,0.3723990835836051,-5.832768531418653e-05,0,0,0,0
137012.5,456412.5,399,49.21513973735874,1,1.658884406798672,-4.8990449690214824e-05,0,0,0,0
137362.5,456412.5,400,28.92906002492637,0,1.3433284526490854,6.937926855018476e-05,0,0,0,0
137412.5,456412.5,401,44.22711861948244,1,0.9999266642621509,-5.020254405378282e-05,0,0,0,0
135737.5,456387.5,402,43.2515515262173,1,0.9687552049368269,-7.435371335158943e-05,0,0,0,0
135862.5,456387.5,403,33.15847589687088,0,-0.8498705700807418,-7.402046848447348e-05,0,0,0,0
136212.5,456387.5,404,44.74985914378162,1,0.2805872930193738,7.897629489160554e-06,0,0,0,0
136262.5,456387.5,405,34.28805814749774,0,1.188187548871976,-1.7907860811962337e-05,0,0,0,0
134437.5,456362.5,406,32.125700655253624,0,0.0487767183297354,4.8340093642145715e-05,0,0,0,0
135762.5,456362.5,407,25.552705008676313,0,-0.9693257406459714,5.654499195535758e-05,0,0,0,0
135787.5,456362.5,408,41.75479893250788,1,1.1323703330312624,5.902861784125807e-05,0,0,0,0
136087.5,456362.5,409,33.608100075454246,0,0.08242959691917706,-8.497072249885676e-05,0,0,0,0
136487.5,456362.5,410,32.310737292549234,0,1.4865546834756942,-7.879087864068635e-05,0,0,0,0
136787.5,456362.5,411,26.410000225994576,0,0.4218309973407335,-9.72638483607123e-05,0,0,0,0
137637.5,456362.5,412,24.2484422373495,0,1.3649596852530506,5.90169568486041e-06,0,0,0,0
134112.5,456337.5,413,30.007609846783044,0,0.2579699827180755,4.04283119651046e-05,0,0,0,0
136262.5,456337.5,414,45.19959817726885,1,0.541404194171339,5.486561688648315e-05,0,0,0,0
136662.5,456337.5,415,29.76118132416317,0,1.2898195536577588,-7.216642428423174e-05,0,0,0,0
136762.5,456337.5,416,52.34859497624296,1,0.9034816591868506,-4.064143068265296e-05,0,0,0,0
135112.5,456312.5,417,41.98259458466069,1,1.3324035302853234,-6.539692151471773e-05,0,0,0,0
136412.5,456312.5,418,39.48065144037948,1,0.9020832906776368,-7.713953964243838e-05,0,0,0,0
136537.5,456312.5,419,25.867593346816754,0,-1.2168572801015949,-4.8019724684816816e-05,0,0,0,0
136937.5,456312.5,420,57.43588679652251,1,1.6137198446030454,2.7122731777351187e-05,0,0,0,0
137062.5,456312.5,421,23.49366501988782,0,-0.1627507833459061,-2.654282472613312e-05,0,0,0,0
137262.5,456312.5,422,43.240751094696314,1,1.3377123766546108,-1.954376954359443e-05,0,0,0,0
137762.5,456312.5,423,54.843283234312494,1,0.9322189842600945,6.126072478903061e-05,0,0,0,0
138937.5,456312.5,424,35.910527758129334,0,-1.2339357207765658,5.7036670960828334e-05,0,0,0,0
138987.5,456312.5,425,31.06474321204193,0,0.456490549767925,2.983708697693029e-05,0,0,0,0
134937.5,456287.5,426,37.71001877440119,0,0.42377997951298685,9.360215587168778e-05,0,0,0,0
135037.5,456287.5,427,47.056625953165884,1,1.060297284299101,9.152428685890435e-05,0,0,0,0
135587.5,456287.5,428,51.487072302870445,1,0.778833153139121,6.324816451323932e-05,0,0,0,0
136087.5,456287.5,429,43.94437684191064,1,0.9428239026831977,7.468639621121093e-05,0,0,0,0
136137.5,456287.5,430,27.205843754936765,0,0.6563888868792072,1.904858600178247e-05,0,0,0,0
136437.5,456287.5,431,31.158102004145952,0,1.1374581173135998,-1.970495431437702e-05,0,0,0,0
136512.5,456287.5,432,39.93408052746951,1,1.703089337122007,2.9493463228786164e-05,0,0,0,0
136987.5,456287.5,433,25.138348390347552,0,-0.4042758623908109,-8.07639798708627e-05,0,0,0,0
137337.5,456287.5,434,35.49696667868405,0,0.33881464685991736,4.233323751721834e-05,0,0,0,0
134512.5,456262.5,435,60.30953569761547,1,1.0277946726286422,-8.08144693529353e-05,0,0,0,0
135112.5,456262.5,436,27.32538084605082,0,1.4203977366759495,7.270891598558099e-05,0,0,0,0
135412.5,456262.5,437,49.50559011448104,1,1.9371787903446043,6.345401555941909e-05,0,0,0,0
134537.5,456237.5,438,28.570155644354358,0,0.6085832903354138,4.214203944122949e-05,0,0,0,0
135237.5,456237.5,439,34.49276113504914,0,0.8159145394554308,5.2297001626624065e-05,0,0,0,0
136187.5,456237.5,440,37.198688706612764,0,-0.6931294767497012,-8.278195545037624e-05,0,0,0,0
136362.5,456237.5,441,22.844768474165306,0,-0.3859685709510363,-7.972694344921841e-05,0,0,0,0
136562.5,456237.5,442,36.84920166666555,0,1.0485519489421042,3.104262143566995e-05,0,0,0,0
136712.5,456237.5,443,50.86820827893339,1,1.9120767878632425,-1.9402486442740392e-05,0,0,0,0
134512.5,456212.5,444,45.07192498204236,1,0.6008722676997529,-3.546993347450483e-05,0,0,0,0
135187.5,456212.5,445,44.8777110735981,1,-0.28333713894906376,6.531405888648708e-05,0,0,0,0
135362.5,456212.5,446,29.855021584290697,0,1.3307697066080304,-4.663409234167766e-05,0,0,0,0
135662.5,456212.5,447,36.44948219182346,0,-0.04299029061725257,-1.8389392603058966e-05,0,0,0,0
136112.5,456212.5,448,39.92322899580028,1,0.16978389951052364,-2.2743921741267672e-05,0,0,0,0
136362.5,456212.5,449,44.68699549411217,1,1.2929135965647243,1.1588715608131615e-05,0,0,0,0
137087.5,456212.5,450,51.325118797394126,1,1.5017086846525638,2.493481795193748e-05,0,0,0,0
137387.5,456212.5,451,27.906692655636245,0,0.48251247589527013,6.929649593096018e-05,0,0,0,0
137637.5,456212.5,452,54.895480900305685,1,0.516787944941191,7.978506925088601e-05,0,0,0,0
134512.5,456187.5,453,35.03783766504451,0,-0.3740869786228955,2.9460744329540947e-05,0,0,0,0
136112.5,456187.5,454,35.38363034072422,0,0.05916792391658765,2.6131605426629373e-05,0,0,0,0
136212.5,456187.5,455,25.81553138566902,0,0.683673554828276,6.303731378340807e-05,0,0,0,0
136687.5,456187.5,456,37.222049153446385,0,1.3314639952896377,-7.742756503349604e-05,0,0,0,0
136712.5,456187.5,457,35.61814015620663,0,0.08518128256116997,3.3763852147159864e-05,0,0,0,0
137562.5,456187.5,458,25.55495666484447,0,1.0939648286205967,9.92086075470903e-05,0,0,0,0
137812.5,456187.5,459,34.98616265848154,0,0.670192396905076,5.781854752183478e-05,0,0,0,0
134937.5,456162.5,460,39.11357181501848,1,1.4975933724297392,7.122044850421178e-06,0,0,0,0
135312.5,456162.5,461,33.78566143972745,0,-1.0482279386397124,7.303708694970594e-05,0,0,0,0
135512.5,456162.5,462,45.692603519294806,1,1.0380718600403909,7.508741734817201e-05,0,0,0,0
135837.5,456162.5,463,27.653154142173385,0,1.1113287300546224,-2.5188748739372454e-05,0,0,0,0
136262.5,456162.5,464,46.798821682587075,1,1.754547496225162,-2.045929111891263e-07,0,0,0,0
134712.5,456137.5,465,36.0401753271507,0,0.1278653070938245,5.755371786630482e-06,0,0,0,0
136262.5,456137.5,466,41.62269779448729,1,1.035268170230582,6.46619742264536e-05,0,0,0,0
137112.5,456137.5,467,19.448148636714585,0,0.6362572026961817,9.932081731498875e-05,0,0,0,0
138137.5,456137.5,468,39.191458715779696,1,0.7190934157737909,9.171659025114757e-05,0,0,0,0
138687.5,456137.5,469,37.2809976879531,0,0.7017472298225442,8.867404536097599e-05,0,0,0,0
139037.5,456137.5,470,47.25707904061502,1,0.2869349132044796,6.914460484049917e-05,0,0,0,0
134387.5,456112.5,471,26.100968292281507,0,1.6917650485409395,9.855670923007726e-05,0,0,0,0
135912.5,456112.5,472,51.54041508376231,1,-0.594843612304965,-2.8195648433949585e-06,0,0,0,0
136537.5,456112.5,473,27.0736882879585,0,-0.6352239743693016,6.145087945039233e-05,0,0,0,0
136912.5,456112.5,474,51.066941874777086,1,0.9693673774100455,-6.217272515814386e-05,0,0,0,0
139062.5,456112.5,475,43.68195627053209,1,-1.2289141277916387,8.666971534974307e-05,0,0,0,0
134537.5,456087.5,476,30.355386017063385,0,0.9682886918449243,6.07405059491626e-06,0,0,0,0
134937.5,456087.5,477,59.597615925507185,1,1.086734061681581,6.64333150553596e-05,0,0,0,0
134962.5,456087.5,478,25.943756594064098,0,1.7562852141989613,-4.68672493022821e-05,0,0,0,0
135287.5,456087.5,479,36.18025790264775,0,-0.630173326391325,3.904922140503501e-05,0,0,0,0
137012.5,456087.5,480,39.97067055533346,1,1.284940166987278,-9.191704336970497e-05,0,0,0,0
137087.5,456087.5,481,43.117837449313974,1,0.9069294915092225,-3.931871946434486e-05,0,0,0,0
137312.5,456087.5,482,40.16389290976238,1,1.7270577706875452,-3.156669969162181e-05,0,0,0,0
137387.5,456087.5,483,45.89130276451273,1,1.8684303384016316,8.28303821572771e-05,0,0,0,0
137537.5,456087.5,484,42.49245809697303,1,1.6228159202018855,7.621709597595556e-05,0,0,0,0
138962.5,456087.5,485,38.2269966994092,1,0.5288049546808473,6.136241845725438e-05,0,0,0,0
139087.5,456087.5,486,28.604370768428918,0,1.129368963047603,-9.785951416074013e-05,0,0,0,0
134787.5,456062.5,487,34.44962995123182,0,0.25702752906831217,-6.604566281418987e-05,0,0,0,0
134912.5,456062.5,488,46.924795228465925,1,1.4436651793372226,3.900422426811616e-06,0,0,0,0
135287.5,456062.5,489,26.235006923313062,0,0.6419273589771688,9.642322866765475e-05,0,0,0,0
135362.5,456062.5,490,39.00991811695462,1,0.12488589341973366,5.4364922039313454e-05,0,0,0,0
136437.5,456062.5,491,17.416034206685552,0,0.5151101008125933,-5.7578220898607914e-06,0,0,0,0
136487.5,456062.5,492,30.943890537511933,0,1.3440736370996307,3.420430478497158e-05,0,0,0,0
136687.5,456062.5,493,21.66839413340236,0,-0.0038788212013063372,1.5538715123075854e-05,0,0,0,0
137237.5,456062.5,494,50.34540780639164,1,0.4315996436605003,9.878287012809711e-05,0,0,0,0
137362.5,456062.5,495,19.6725080622353,0,0.8181229193281658,2.997579201130723e-05,0,0,0,0
137512.5,456062.5,496,35.50393601285492,0,0.03365509302664638,5.548311207243858e-05,0,0,0,0
137787.5,456062.5,497,45.184430644102676,1,0.9484820221025285,4.7586570517010995e-05,0,0,0,0
134562.5,456037.5,498,43.988842688337634,1,1.2224069001844562,7.426813383761772e-06,0,0,0,0
134737.5,456037.5,499,45.63184712010559,1,1.5177261318586903,-6.879063440940439e-05,0,0,0,0
136237.5,456037.5,500,48.5235382923915,1,0.09287353590455227,-5.958053574201941e-05,0,0,0,0
136737.5,456037.5,501,42.635050237997646,1,0.9761242407132609,-2.5664506238415747e-05,0,0,0,0
137337.5,456037.5,502,46.24597871673771,1,0.9580131965607794,3.124275703089996e-05,0,0,0,0
137437.5,456037.5,503,37.35858724240342,0,0.3349910789359849,-6.810514987535171e-05,0,0,0,0
138587.5,456037.5,504,37.64360312237878,0,0.2320578370487496,9.998834566287604e-05,0,0,0,0
138637.5,456037.5,505,20.295993558700815,0,0.3195073173418965,4.285691774284264e-05,0,0,0,0
134387.5,456012.5,506,39.587052115300295,1,0.8580438823688454,5.948695348047767e-05,0,0,0,0
134837.5,456012.5,507,50.5727682242169,1,1.3075366263828898,1.138708640982445e-05,0,0,0,0
135362.5,456012.5,508,30.42051500508854,0,1.645749644355527,3.15466291131833e-05,0,0,0,0
135537.5,456012.5,509,26.20252851096238,0,1.4515359187875805,-9.429796865220492e-05,0,0,0,0
136262.5,456012.5,510,38.812344657352085,1,1.40072913258793,7.258550189912577e-05,0,0,0,0
136737.5,456012.5,511,49.24418987101406,1,1.7941388776273985,-7.22121354385115e-05,0,0,0,0
134912.5,455987.5,512,49.96574336021103,1,1.8389259647937766,3.5609221044527426e-05,0,0,0,0
135237.5,455987.5,513,22.895347582306066,0,0.43882186701234716,9.82710281680625e-05,0,0,0,0
135537.5,455987.5,514,42.40020696543397,1,1.3385759973695293,2.5770985862757104e-05,0,0,0,0
136412.5,455987.5,515,31.33750657996229,0,0.4997404698547161,3.604706798488099e-05,0,0,0,0
136512.5,455987.5,516,40.67470968911084,1,-0.8724718063004606,-7.362883632983451e-05,0,0,0,0
137312.5,455987.5,517,15.322971414044893,0,0.7592078028203444,-8.099242990994502e-05,0,0,0,0
138862.5,455987.5,518,47.11787710327799,1,0.4090265546962515,-8.900278128628426e-05,0,0,0,0
134012.5,455962.5,519,33.94408382944693,0,1.1013658006417324,-7.123197896367954e-05,0,0,0,0
136262.5,455962.5,520,39.95009673750171,1,0.6972858483566222,8.32755071815576e-05,0,0,0,0
136987.5,455962.5,521,36.10348975121744,0,0.9099090279614024,2.2042614349618232e-05,0,0,0,0
137012.5,455962.5,522,27.560340384568867,0,0.7640030478289881,-3.0008283862487486e-06,0,0,0,0
134587.5,455937.5,523,43.15537542132269,1,0.6011577157409924,-4.8796058944215135e-06,0,0,0,0
136012.5,455937.5,524,33.083295042166,0,0.4248773028507089,3.84245383041451e-05,0,0,0,0
136162.5,455937.5,525,31.01583866927545,0,1.4976838227288738,4.858088172796198e-05,0,0,0,0
136337.5,455937.5,526,44.49193111659682,1,-0.22988413550266307,-5.199141976144331e-05,0,0,0,0
136437.5,455937.5,527,37.06398381167915,0,-0.07519783261546942,-7.857564981092986e-06,0,0,0,0
137112.5,455937.5,528,30.904867266272117,0,1.4002510783279436,-9.583911765743214e-05,0,0,0,0
137337.5,455937.5,529,47.29288147010267,1,1.2132946471982446,-7.904173411362714e-06,0,0,0,0
138687.5,455937.5,530,31.995826843086554,0,1.0263850725402057,5.866494088213095e-05,0,0,0,0
135337.5,455912.5,531,37.586490123340646,0,0.6298342265230956,4.9391256859982925e-05,0,0,0,0
135612.5,455912.5,532,45.24222687264798,1,-0.20371407594162894,-6.184950593150375e-05,0,0,0,0
136787.5,455912.5,533,47.337096538840264,1,1.360372710517296,1.3048841599641215e-05,0,0,0,0
137062.5,455912.5,534,49.90160239630504,1,0.1292762506716465,9.310331023262981e-05,0,0,0,0
137312.5,455912.5,535,54.46743906768053,1,1.7704619257899763,9.575259459332178e-05,0,0,0,0
137512.5,455912.5,536,38.34983188866003,1,1.5349600108811603,-8.25350811726656e-05,0,0,0,0
137537.5,455912.5,537,29.91823649752866,0,0.7683744599147562,2.321911208410004e-05,0,0,0,0
137862.5,455912.5,538,54.38034020671175,1,0.9799789326349799,7.962287947194922e-05,0,0,0,0
137987.5,455912.5,539,51.81607631447848,1,-0.3559005813897722,-2.045445118782479e-05,0,0,0,0
138062.5,455912.5,540,34.906387167714236,0,1.288830936890391,9.684015188003875e-05,0,0,0,0
134012.5,455887.5,541,44.91204912392391,1,0.8339673860660164,2.3140822021628187e-05,0,0,0,0
134787.5,455887.5,542,34.12398439259213,0,-0.5688955220546443,8.712626668193567e-05,0,0,0,0
135212.5,455887.5,543,22.326989291833645,0,0.43453367427515266,-2.5550641292204572e-05,0,0,0,0
135462.5,455887.5,544,48.28175618057086,1,-0.07954729058779875,7.977666643606478e-05,0,0,0,0
136412.5,455887.5,545,41.360518645853475,1,1.7051816988833366,2.7870042065904473e-05,0,0,0,0
136912.5,455887.5,546,39.12381775601643,1,1.348024008044311,8.12718697076376e-05,0,0,0,0
137012.5,455887.5,547,54.80006037574207,1,1.311085380265463,6.643115578568034e-05,0,0,0,0
138062.5,455887.5,548,52.22712141676535,1,0.15387592251869942,-3.916164183844517e-05,0,0,0,0
138087.5,455887.5,549,31.483763761626903,0,0.4721216550997611,6.385660346517015e-05,0,0,0,0
138537.5,455887.5,550,26.81473943815282,0,1.2446169485842424,-1.3155623023346054e-05,0,0,0,0
135062.5,455862.5,551,18.952967368476028,0,1.2520824186572326,-6.488146937048828e-05,0,0,0,0
135387.5,455862.5,552,37.96222287151288,1,1.7940011506580698,5.932298247120339e-05,0,0,0,0
136462.5,455862.5,553,34.038752677561526,0,1.0126528047344396,-1.49860370600827e-05,0,0,0,0
136662.5,455862.5,554,41.53197153524203,1,-0.39871523780241724,-2.5406755564088868e-05,0,0,0,0
137012.5,455862.5,555,38.028487490287745,1,0.04273504656943938,1.5080821345257741e-05,0,0,0,0
137862.5,455862.5,556,31.336676198959218,0,1.370626841424449,-6.340098937175791e-05,0,0,0,0
138062.5,455862.5,557,33.856503004983594,0,1.3370044830847214,5.0369652538399907e-05,0,0,0,0
138287.5,455862.5,558,22.319936703858247,0,0.7494686812446112,7.363007383685354e-05,0,0,0,0
138712.5,455862.5,559,50.183800372820045,1,-0.10952582841190539,2.1246061149109342e-05,0,0,0,0
138862.5,455862.5,560,32.57447878018687,0,0.11036325006487058,8.373556455429773e-05,0,0,0,0
135737.5,455837.5,561,44.02356063783778,1,1.2659799685356279,3.7598616765017315e-05,0,0,0,0
136062.5,455837.5,562,31.322516958142035,0,1.085773848737746,7.096512500208355e-05,0,0,0,0
136187.5,455837.5,563,38.60852225715011,1,-0.05223604998003828,1.0796360702370068e-05,0,0,0,0
136512.5,455837.5,564,44.200668007172396,1,-1.1006356709224183,-8.14824689328618e-05,0,0,0,0
137087.5,455837.5,565,35.16198286228472,0,1.1964665313753398,4.0975357731052564e-05,0,0,0,0
137262.5,455837.5,566,29.74779863917123,0,1.4799026243656108,-8.345972409989536e-05,0,0,0,0
138887.5,455837.5,567,61.15210390655865,1,0.348703270553115,-6.78087469116013e-05,0,0,0,0
135262.5,455812.5,568,35.9151517946366,0,0.27092489869230985,1.587379111524844e-06,0,0,0,0
135337.5,455812.5,569,43.582730489059145,1,0.22840977217067726,-5.946453838217121e-05,0,0,0,0
135412.5,455812.5,570,37.09059612233468,0,0.9062099046370511,-1.1010752525871293e-05,0,0,0,0
135837.5,455812.5,571,30.16771915121929,0,-0.20417882371968465,-2.3413442118039134e-05,0,0,0,0
136137.5,455812.5,572,51.04259290709674,1,1.5055895303259477,-6.665809792459217e-05,0,0,0,0
136162.5,455812.5,573,41.81162350936209,1,1.3671566663356427,2.206130608282562e-05,0,0,0,0
136587.5,455812.5,574,41.30912169388733,1,1.3514502416309284,-6.945171854413269e-05,0,0,0,0
137062.5,455812.5,575,15.143456176043102,0,0.3576497440585267,-7.463594481311244e-06,0,0,0,0
137687.5,455812.5,576,40.771527533836384,1,1.2586228081892692,5.613140685105848e-05,0,0,0,0
135087.5,455787.5,577,46.295617896019635,1,-0.11613870028841133,-3.0841220377589914e-05,0,0,0,0
135112.5,455787.5,578,40.72993868246127,1,0.5489788304016425,-7.645354782458091e-05,0,0,0,0
135412.5,455787.5,579,36.415661254180286,0,1.0226760256834164,2.349567715032891e-05,0,0,0,0
136037.5,455787.5,580,49.828485927527815,1,1.5095420057362565,2.4163213894748043e-05,0,0,0,0
136537.5,455787.5,581,40.361079308425865,1,1.1370065600094703,-1.313456014159889e-05,0,0,0,0
137412.5,455787.5,582,43.70602409892545,1,1.8711841258156805,-2.3649633498553776e-05,0,0,0,0
137962.5,455787.5,583,48.26668378824158,1,-1.4682761509848876,8.526682570920691e-05,0,0,0,0
134812.5,455762.5,584,47.90889840904256,1,1.1531651000395953,3.478221377032136e-05,0,0,0,0
135687.5,455762.5,585,24.75760486086522,0,0.47738094790435426,-4.217465384364836e-05,0,0,0,0
136362.5,455762.5,586,41.26297778982035,1,0.7064732229362916,-4.2109503798012286e-05,0,0,0,0
134012.5,455737.5,587,30.283780308405472,0,1.0292948446553796,-8.821457054321145e-05,0,0,0,0
134162.5,455737.5,588,17.822159275812343,0,1.1131346308641397,-1.1349657820514358e-05,0,0,0,0
134887.5,455737.5,589,40.75424678806104,1,0.4728019460278827,-9.43110718178241e-05,0,0,0,0
134912.5,455737.5,590,20.52078911106926,0,1.393173060475554,-5.16025174559509e-05,0,0,0,0
136212.5,455737.5,591,33.235187942880465,0,-0.19807144368836704,5.931741031979155e-06,0,0,0,0
136437.5,455737.5,592,12.807651544354137,0,1.6393257582061298,6.631740219493087e-05,0,0,0,0
137912.5,455737.5,593,27.689776391336114,0,1.5191941652582304,1.4508031120782428e-05,0,0,0,0
138337.5,455737.5,594,33.20191371447015,0,0.7211873079667224,-4.0072996306975165e-05,0,0,0,0
138712.5,455737.5,595,37.82241545667415,0,-0.7407789588966607,6.36694850645357e-05,0,0,0,0
134012.5,455712.5,596,32.50139609322538,0,1.2504642134029185,3.4926035290582723e-06,0,0,0,0
135087.5,455712.5,597,28.655624932126152,0,0.9524989356592051,-6.679244342135517e-05,0,0,0,0
135937.5,455712.5,598,28.88972396593425,0,0.11630043641268228,-4.058146803856053e-06,0,0,0,0
136012.5,455687.5,599,53.222129869182666,1,1.6294010230165688,4.4818895756285664e-05,0,0,0,0
136437.5,455687.5,600,33.19352485419949,0,0.8346006354408324,4.6450237352784377e-05,0,0,0,0
138262.5,455687.5,601,36.920995251183655,0,0.2006265719702185,-7.040617245570005e-05,0,0,0,0
134087.5,455662.5,602,56.74169252631225,1,0.9473412239182952,9.28512930970593e-05,0,0,0,0
134112.5,455662.5,603,20.473677172632,0,1.4036406562740593,-9.096531859588335e-06,0,0,0,0
134187.5,455662.5,604,17.21105185726938,0,0.40613480683719505,-8.949346473262947e-06,0,0,0,0
135187.5,455662.5,605,27.677972373978044,0,1.7264839247532868,3.541742384302749e-05,0,0,0,0
135587.5,455662.5,606,33.94274166822297,0,0.5291575020168571,6.387639368004391e-05,0,0,0,0
135912.5,455662.5,607,26.425055488125558,0,-0.150351267103225,1.7314362700378497e-05,0,0,0,0
137962.5,455662.5,608,37.468949492140474,0,-0.5214990913184181,-3.3616162923911543e-06,0,0,0,0
138937.5,455662.5,609,37.007023386167816,0,-0.35103231601190843,-1.3290240525047243e-05,0,0,0,0
136587.5,455637.5,610,22.385791304786228,0,1.141445264068412,-8.839182735822582e-06,0,0,0,0
136737.5,455637.5,611,39.50772075476824,1,1.4129865577711178,8.754039536716132e-05,0,0,0,0
136987.5,455637.5,612,23.53100130506116,0,-0.01671738495028552,9.175990100334309e-05,0,0,0,0
137737.5,455637.5,613,44.88057559273177,1,0.42303711804864275,-8.983675768963396e-05,0,0,0,0
137762.5,455637.5,614,40.09292245048802,1,1.787135144432801,-6.680362275613368e-05,0,0,0,0
137987.5,455637.5,615,59.76758166920723,1,1.190224082839498,-3.8109469755054365e-05,0,0,0,0
138337.5,455637.5,616,46.10942825371143,1,1.2161566729271738,6.143064233158606e-05,0,0,0,0
138887.5,455637.5,617,35.792208311227014,0,-0.21450656622174868,8.674669996666768e-06,0,0,0,0
134087.5,455612.5,618,41.27442986158819,1,-0.21188043188611605,2.3063913588801228e-05,0,0,0,0
134237.5,455612.5,619,39.29752706148458,1,1.6910046236676317,7.505305080644419e-05,0,0,0,0
135337.5,455612.5,620,30.42738073621834,0,1.1953189672834532,7.840960365795972e-05,0,0,0,0
135637.5,455612.5,621,23.294125127980273,0,0.5277725135481774,1.3099998944662278e-05,0,0,0,0
135812.5,455612.5,622,48.816513757043246,1,1.1048419979111483,-5.219472865010615e-05,0,0,0,0
138237.5,455612.5,623,53.018699776641625,1,0.949129519345667,-2.3302226352086788e-05,0,0,0,0
139287.5,455612.5,624,33.19214485921185,0,0.45601429861086373,-4.6463022968118305e-05,0,0,0,0
134537.5,455587.5,625,35.247138210349945,0,1.0798169490359024,5.348649898445529e-06,0,0,0,0
135562.5,455587.5,626,32.98317094777413,0,0.4350667500948622,-6.111668379117554e-05,0,0,0,0
135962.5,455587.5,627,47.94036181511136,1,1.0956464193868762,-3.4636330797462093e-05,0,0,0,0
136187.5,455587.5,628,49.937312581329294,1,1.1248971909404082,8.819889452392508e-05,0,0,0,0
138237.5,455587.5,629,29.116086087172455,0,-0.019831381426105743,-9.052757675091211e-05,0,0,0,0
138962.5,455587.5,630,34.43417034097691,0,1.409996716735066,9.024298656569984e-05,0,0,0,0
139062.5,455587.5,631,32.47613578411649,0,-0.49889326948245305,8.690351385246936e-06,0,0,0,0
134187.5,455562.5,632,39.97998021031403,1,-0.6302592688430222,-2.51062722703832e-05,0,0,0,0
136187.5,455562.5,633,45.52535081274606,1,1.661054104266241,3.595713521875581e-05,0,0,0,0
136262.5,455562.5,634,48.54387000626571,1,1.1585128751413598,-8.120469215798878e-05,0,0,0,0
136987.5,455562.5,635,35.08138176213097,0,0.8615448294384551,9.853016314713375e-05,0,0,0,0
137062.5,455562.5,636,28.001663048675628,0,0.4383187369995536,-8.581418159047982e-05,0,0,0,0
134337.5,455537.5,637,43.23904175294132,1,1.4475235927056986,-2.0225280607016143e-05,0,0,0,0
135312.5,455537.5,638,43.79358852473338,1,-0.48103830689210025,-5.04675560418838e-05,0,0,0,0
136887.5,455537.5,639,34.35075678341409,0,1.8444342858631564,-7.773972090904016e-05,0,0,0,0
137362.5,455537.5,640,39.543487470043075,1,1.4701956539948506,5.797407992269342e-05,0,0,0,0
134812.5,455512.5,641,41.44708493554397,1,0.9615807969117571,-6.148204891352703e-05,0,0,0,0
135062.5,455512.5,642,46.6734260287148,1,-0.16670229636182832,-5.133621321268025e-05,0,0,0,0
135612.5,455512.5,643,38.585011837384144,1,1.730013250769034,-8.73277456775374e-05,0,0,0,0
135837.5,455512.5,644,42.743400503647194,1,1.2106161467083631,-4.982179331855652e-05,0,0,0,0
136787.5,455512.5,645,39.66694809151322,1,-0.16300549644344242,-2.404147674832453e-05,0,0,0,0
137212.5,455512.5,646,28.21719540584053,0,1.060032445016716,-5.408254231401726e-05,0,0,0,0
138987.5,455512.5,647,44.92375314109413,1,1.0735841032667754,1.1433238215379087e-05,0,0,0,0
134437.5,455487.5,648,38.881941221481675,1,0.9155114818320498,-9.240379974746265e-05,0,0,0,0
134487.5,455487.5,649,48.431258928016845,1,1.7713498417379436,6.126192626597537e-05,0,0,0,0
134537.5,455487.5,650,26.02764426386783,0,-0.20041238656593663,-6.766961454278341e-05,0,0,0,0
135612.5,455487.5,651,30.871211415867826,0,0.8743622115744509,8.171424186073256e-05,0,0,0,0
136787.5,455487.5,652,41.157433316838286,1,1.8973764183412385,-8.579648442145877e-05,0,0,0,0
138312.5,455487.5,653,20.734002695245458,0,1.0768142750153573,-8.530116889756361e-05,0,0,0,0
138962.5,455487.5,654,36.56044145493466,0,0.7919036114951261,9.164175079157438e-05,0,0,0,0
136787.5,455462.5,655,33.418573318501664,0,-0.2414902515713746,-3.296795300423679e-06,0,0,0,0
137512.5,455462.5,656,33.74747913615717,0,-1.1454709258486928,-3.7639087991504636e-05,0,0,0,0
134437.5,455437.5,657,35.37593278393048,0,0.7404089290920908,-7.819289376302262e-05,0,0,0,0
135112.5,455437.5,658,15.60538547901081,0,0.21926584597427023,1.1466713368904585e-05,0,0,0,0
135587.5,455437.5,659,38.31523427865446,1,1.570600204192214,-2.4922601521312445e-06,0,0,0,0
136337.5,455437.5,660,38.64143377714391,1,1.4025515774003554,-2.8852724677683693e-06,0,0,0,0
136937.5,455437.5,661,48.39514306245706,1,0.7826924023949644,-4.567188149894117e-05,0,0,0,0
136962.5,455437.5,662,52.33825602577765,1,0.2215931649549634,2.290104482749682e-05,0,0,0,0
137062.5,455437.5,663,41.447056002105384,1,1.1412485374972259,-6.803287215043969e-05,0,0,0,0
137162.5,455437.5,664,47.153596675193704,1,1.7264273868647857,5.823036137970154e-06,0,0,0,0
137462.5,455437.5,665,13.961207181841505,0,0.49635586645783203,7.887262625020758e-07,0,0,0,0
137512.5,455437.5,666,43.37103779903165,1,1.449583966750763,6.556986991471384e-05,0,0,0,0
139237.5,455437.5,667,48.951888886767925,1,0.33676015714301544,-7.618930380784365e-05,0,0,0,0
136587.5,455412.5,668,46.6015652282145,1,1.5833793238727063,7.647834242657557e-05,0,0,0,0
137837.5,455412.5,669,40.27232860996218,1,0.9281121421314418,8.941107238834556e-05,0,0,0,0
135462.5,455387.5,670,34.34183530659259,0,0.3654069558114066,-6.472485062795414e-05,0,0,0,0
136937.5,455387.5,671,34.253253945467904,0,-0.20612796693884072,-6.72095682350775e-05,0,0,0,0
137687.5,455387.5,672,38.13240463793404,1,0.7845238015903107,-9.26410854685458e-05,0,0,0,0
138562.5,455387.5,673,42.18916684951092,1,1.4295414160436772,-3.2535390104557774e-05,0,0,0,0
139212.5,455387.5,674,43.616401506464655,1,-0.0384316412124619,-7.306333683054672e-06,0,0,0,0
135637.5,455362.5,675,36.9545479054495,0,1.12338903476593,9.895184395907639e-05,0,0,0,0
135887.5,455362.5,676,25.335327533929085,0,1.1246118287721916,8.257290104102061e-05,0,0,0,0
136437.5,455362.5,677,56.13163450761025,1,0.30543389229714135,-3.480100753508839e-05,0,0,0,0
137812.5,455362.5,678,29.246175143386463,0,0.6741445382394944,1.9438408025861104e-05,0,0,0,0
134262.5,455337.5,679,11.115441874532088,0,1.6667350309987907,1.8854596396387197e-05,0,0,0,0
135637.5,455337.5,680,52.16023490186845,1,0.691297102644187,4.0214487957382716e-05,0,0,0,0
135912.5,455337.5,681,48.03107008885984,1,0.49066475793629216,-7.577210825254635e-05,0,0,0,0
137637.5,455337.5,682,39.78595684818339,1,1.5414651967894413,-9.897971761960731e-05,0,0,0,0
138187.5,455337.5,683,47.6292534148913,1,1.3419346861949997,-2.3922742882762744e-05,0,0,0,0
134587.5,455312.5,684,42.34833849615652,1,1.6105807975714659,4.582026223728861e-05,0,0,0,0
135437.5,455312.5,685,29.573133792222155,0,-0.8571397360774582,-6.059297685751295e-05,0,0,0,0
136437.5,455312.5,686,39.06279677778599,1,-0.0070473743891141805,2.6983383498800176e-05,0,0,0,0
137012.5,455312.5,687,25.541672361255202,0,0.059314811617818375,-2.8950662582870852e-05,0,0,0,0
137487.5,455312.5,688,31.401605183102944,0,-0.16927638759522745,-8.706736223544554e-05,0,0,0,0
137937.5,455312.5,689,29.232623435671663,0,0.11020283984501722,-6.824405750317666e-05,0,0,0,0
135412.5,455287.5,690,39.46209620381176,1,1.3361354283059215,-9.891273236977983e-06,0,0,0,0
136087.5,455287.5,691,48.53331060193244,1,0.5623727622083421,8.294940608004736e-05,0,0,0,0
136362.5,455287.5,692,31.445420868631462,0,0.45112253939095615,-3.809890880815518e-05,0,0,0,0
136762.5,455287.5,693,42.50292880880181,1,0.9216702538429642,9.883979682335797e-05,0,0,0,0
137437.5,455287.5,694,16.57914380453117,0,0.3759248590067079,-8.303114162175176e-05,0,0,0,0
137637.5,455287.5,695,27.1792358062548,0,0.5797331509462555,1.382859582937281e-05,0,0,0,0
137812.5,455287.5,696,43.253397428003666,1,0.549030457005169,-4.867064875925918e-05,0,0,0,0
137862.5,455287.5,697,47.47818660208756,1,1.4972334541258827,6.65769558296374e-05,0,0,0,0
138112.5,455287.5,698,47.332693885486094,1,1.6933213265475047,6.671358895068821e-05,0,0,0,0
138262.5,455287.5,699,48.594166017251915,1,0.9953881229780741,-1.2254819596339074e-05,0,0,0,0
138812.5,455287.5,700,21.512493972874037,0,1.2782309417656172,-5.628511095795412e-05,0,0,0,0
138862.5,455287.5,701,32.69364420469448,0,1.6114816745446485,2.850684443636861e-05,0,0,0,0
139137.5,455287.5,702,12.101309819482957,0,0.9501251953653189,-1.517332025225138e-05,0,0,0,0
135537.5,455262.5,703,36.34118262048019,0,0.6223679346595254,8.153357369479305e-05,0,0,0,0
135862.5,455262.5,704,40.24884511151045,1,0.617752108214106,-4.128511631948111e-05,0,0,0,0
137437.5,455262.5,705,34.504478659960256,0,0.24270444362663657,2.039089765045619e-05,0,0,0,0
134387.5,455237.5,706,28.630734581196684,0,0.7899746550443694,-5.4058860735380665e-05,0,0,0,0
134862.5,455237.5,707,42.19484234075684,1,-0.43522887629216656,5.594813590917835e-05,0,0,0,0
135137.5,455237.5,708,43.21659252183388,1,1.5776076716861818,-6.75983604743129e-05,0,0,0,0
135387.5,455237.5,709,39.235952233834794,1,0.8153433722742713,5.448215239045621e-05,0,0,0,0
136837.5,455237.5,710,31.866690121721824,0,0.7802583146055655,-3.090062677760388e-05,0,0,0,0
137012.5,455237.5,711,38.33051560565773,1,1.6320909446026381,-3.344668318568056e-05,0,0,0,0
137962.5,455237.5,712,38.75297904255343,1,0.6118184106862645,6.618110275502668e-05,0,0,0,0
139112.5,455237.5,713,40.57296953077706,1,1.210701503721475,8.627189524936081e-05,0,0,0,0
134337.5,455212.5,714,44.12184197390116,1,0.4590552931587699,-5.098950704329331e-05,0,0,0,0
135862.5,455212.5,715,37.63090457345009,0,1.30895577829784,8.525898295210639e-05,0,0,0,0
136787.5,455212.5,716,23.44697880780325,0,1.2779495236524365,-4.6827318777847276e-05,0,0,0,0
137537.5,455212.5,717,35.16015789012931,0,1.7289870598666677,3.4865006432302024e-05,0,0,0,0
137837.5,455212.5,718,41.61179170501113,1,1.140739808748335,7.770983886831133e-05,0,0,0,0
137862.5,455212.5,719,33.50404698255637,0,0.22066944648728226,-7.777789481964566e-05,0,0,0,0
135012.5,455187.5,720,40.08169894053895,1,1.2809002657546604,-2.8371824276237655e-05,0,0,0,0
135362.5,455187.5,721,31.052050577823934,0,1.3147600732123341,-1.1238802201832444e-05,0,0,0,0
136712.5,455187.5,722,51.330605856366304,1,0.7743839936274672,-5.020023002268197e-06,0,0,0,0
136962.5,455187.5,723,41.939187992379495,1,1.7626719099079513,-7.93194326374255e-05,0,0,0,0
138162.5,455187.5,724,39.29980000786757,1,0.9328124454770044,-9.057833169372061e-05,0,0,0,0
138287.5,455187.5,725,45.46997626713239,1,-0.39384626276789914,3.1357967183565026e-05,0,0,0,0
138712.5,455187.5,726,45.535062568582795,1,0.7335329743753731,7.186905452625821e-05,0,0,0,0
134287.5,455162.5,727,38.80203541797845,1,1.6457190924833842,1.4811660807326831e-05,0,0,0,0
135537.5,455162.5,728,47.910609298134595,1,1.118343450221095,2.7508806147751033e-05,0,0,0,0
135737.5,455162.5,729,44.45396314091249,1,0.5682693884079808,8.991500018008907e-05,0,0,0,0
137112.5,455162.5,730,40.04399739933732,1,-0.05958016950063927,-8.254165736358388e-05,0,0,0,0
138612.5,455162.5,731,37.927874701152895,1,0.7636737952093178,-1.838926695848382e-05,0,0,0,0
135412.5,455137.5,732,26.817513535302357,0,1.0237457014257805,8.771540795228141e-05,0,0,0,0
135712.5,455137.5,733,39.83148249992475,1,0.29725929890686364,8.891915392374848e-05,0,0,0,0
136387.5,455137.5,734,39.67393359375037,1,0.6285943636799765,6.309907514312763e-05,0,0,0,0
137137.5,455137.5,735,29.56477301266354,0,0.5687439734286124,1.677879817216445e-05,0,0,0,0
134312.5,455112.5,736,51.51423025264337,1,-0.7025959195329605,-1.258335370651545e-05,0,0,0,0
134562.5,455112.5,737,37.85732657457793,0,0.5273650451054968,1.1395442711935262e-05,0,0,0,0
134787.5,455112.5,738,27.177849076965934,0,0.708110601021144,8.902859671804714e-05,0,0,0,0
134737.5,455087.5,739,33.72118401679426,0,-0.08245011796598001,4.898901931348595e-05,0,0,0,0
136162.5,455087.5,740,37.477724690354904,0,0.8296977156886727,5.698057505983688e-05,0,0,0,0
138037.5,455087.5,741,37.54518634870988,0,1.0069233273068035,5.675138022474039e-05,0,0,0,0
134712.5,455062.5,742,30.096887015552483,0,-1.0829384325843034,-8.499265989990467e-05,0,0,0,0
136787.5,455062.5,743,38.25137283840973,1,1.272613584453159,7.091425643408881e-05,0,0,0,0
137937.5,455062.5,744,23.327807664543883,0,1.0661862430056663,-4.7351623515506615e-05,0,0,0,0
138012.5,455062.5,745,33.603092087048296,0,0.5808783140971503,5.682631436079582e-05,0,0,0,0
138087.5,455062.5,746,42.24673058364627,1,1.4533310979715606,1.3631320052263113e-05,0,0,0,0
138137.5,455062.5,747,31.16490464623863,0,-1.2662059347217567,-7.06966973860985e-07,0,0,0,0
135137.5,455037.5,748,44.36506308274894,1,1.5845841060187453,-1.0252322662135721e-05,0,0,0,0
137562.5,455037.5,749,45.90799127372357,1,1.5851451946650505,6.100732493070442e-05,0,0,0,0
137912.5,455037.5,750,31.94860400469495,0,1.2808895027596363,-6.633475725591094e-05,0,0,0,0
138312.5,455037.5,751,13.906846655783113,0,0.6392249479749714,4.283613991112943e-06,0,0,0,0
136087.5,455012.5,752,46.70550104085575,1,1.7193897759883123,-4.48897191549835e-05,0,0,0,0
136912.5,455012.5,753,51.37386331826518,1,0.8965036845361181,-4.598663770793992e-05,0,0,0,0
137312.5,455012.5,754,21.991580757364286,0,0.8471818332289107,1.5286312465773053e-05,0,0,0,0
137487.5,455012.5,755,39.99942774168601,1,0.2878418770383071,-3.840257336770023e-05,0,0,0,0
137862.5,455012.5,756,41.164562830366876,1,0.5456558010757155,1.1896543177689577e-07,0,0,0,0
139137.5,455012.5,757,21.750261077123415,0,1.285405747497606,9.845680343470067e-05,0,0,0,0
134612.5,454987.5,758,32.5476781087139,0,0.4605897664625922,-4.5249319360308204e-05,0,0,0,0
135637.5,454987.5,759,50.47031511333157,1,0.4885547803663197,-2.8902765502225548e-05,0,0,0,0
135862.5,454987.5,760,40.20997382907366,1,-0.055042071866814535,-5.6455954869925785e-05,0,0,0,0
136537.5,454987.5,761,38.19672062243668,1,1.6276562795300467,9.285439787245168e-05,0,0,0,0
137487.5,454987.5,762,49.61331523078851,1,0.8901343917338393,-8.896039051051947e-05,0,0,0,0
136137.5,454962.5,763,32.161733250746096,0,1.5397648918044458,9.267980296773658e-05,0,0,0,0
136187.5,454962.5,764,20.052846123859723,0,1.8421332337089966,-6.979861684959618e-05,0,0,0,0
137587.5,454962.5,765,51.59404984891211,1,1.3388302981398414,1.8020305425166312e-05,0,0,0,0
137712.5,454962.5,766,30.282037218209787,0,-0.4791273713790938,6.638887314786505e-05,0,0,0,0
137737.5,454962.5,767,38.077726616787366,1,1.1915428050836971,1.3977566199750068e-06,0,0,0,0
137987.5,454962.5,768,49.766324061425216,1,0.8353643893638836,-7.207012351218391e-05,0,0,0,0
138012.5,454962.5,769,40.966637660112326,1,1.6641123940484572,-6.266493508164407e-05,0,0,0,0
137487.5,454937.5,770,39.86398856494024,1,1.2254318163319233,-8.680944131387297e-05,0,0,0,0
137887.5,454937.5,771,32.13665157251178,0,1.8783718234307751,-5.1177851978866954e-05,0,0,0,0
138187.5,454937.5,772,44.0272754257932,1,1.9379999981121077,-8.85663154481851e-05,0,0,0,0
138362.5,454937.5,773,60.219717966691036,1,0.09440017382659649,2.322756857307481e-07,0,0,0,0
134362.5,454912.5,774,32.489540581480796,0,1.6014846067987425,-1.2932660596887987e-05,0,0,0,0
135962.5,454912.5,775,27.116542688967012,0,0.5172741629977247,-9.709714430905872e-08,0,0,0,0
136062.5,454912.5,776,41.31782481491061,1,-0.622520062216116,-4.5072522959054084e-05,0,0,0,0
137737.5,454912.5,777,30.990038690591142,0,0.6432573956734893,-9.682347878533015e-05,0,0,0,0
138087.5,454912.5,778,39.56329965750146,1,1.5744938333828085,4.027654180650577e-05,0,0,0,0
138537.5,454912.5,779,38.54891491512005,1,1.8812051416871611,-1.423975272645797e-05,0,0,0,0
136937.5,454887.5,780,43.28062437218334,1,-0.13468306624350257,3.754620787976605e-05,0,0,0,0
138037.5,454887.5,781,40.32387980287765,1,1.4781614940220442,-3.457387174986378e-05,0,0,0,0
138662.5,454887.5,782,41.484625747796464,1,1.1729840861797363,9.846868284017609e-05,0,0,0,0
136037.5,454862.5,783,51.074009988570474,1,1.113737141976694,-2.1860862380986064e-05,0,0,0,0
136287.5,454862.5,784,28.674714086268537,0,1.1246337635505408,8.315860679067404e-05,0,0,0,0
136637.5,454862.5,785,38.85448922623534,1,0.5786157213112229,-6.222161580854681e-05,0,0,0,0
135987.5,454837.5,786,41.59736816463826,1,1.7136123401460526,-4.095343500785931e-05,0,0,0,0
136062.5,454837.5,787,26.21362660378372,0,0.33603276816634553,8.069251970556784e-05,0,0,0,0
136862.5,454837.5,788,28.927877037345496,0,1.5815299423582445,-9.506559768630534e-05,0,0,0,0
137387.5,454837.5,789,35.06184952262026,0,1.0818663565252948,-9.211051476860697e-05,0,0,0,0
137937.5,454837.5,790,33.034631219584945,0,-0.15457300434003685,-3.0543900179883226e-05,0,0,0,0
138087.5,454837.5,791,49.58251701967374,1,1.7680620690142663,7.445087927863721e-05,0,0,0,0
134837.5,454812.5,792,39.71852170196061,1,1.257529193432366,9.045653389646464e-05,0,0,0,0
137137.5,454812.5,793,67.71404674894534,1,1.217241828786356,-7.540075781849649e-05,0,0,0,0
137962.5,454812.5,794,34.652112552700615,0,1.6775851414962752,-1.9586558441551233e-05,0,0,0,0
138212.5,454812.5,795,35.29111767725268,0,1.1545086459066654,5.227089330241156e-05,0,0,0,0
134987.5,454787.5,796,60.96854134420742,1,1.1464029714615727,-4.897959620161379e-05,0,0,0,0
135862.5,454787.5,797,32.817533289236636,0,1.5775557166878529,-4.558302567401478e-06,0,0,0,0
136587.5,454787.5,798,60.37810831818574,1,0.4947579955702843,6.791087076560389e-05,0,0,0,0
137812.5,454787.5,799,7.282118828794182,0,-0.029112790634731045,-3.099396488603146e-05,0,0,0,0
134887.5,454762.5,800,31.804897300977917,0,0.3318236989479404,-6.605187678821126e-05,0,0,0,0
135237.5,454762.5,801,52.449854593934035,1,1.7399181612556385,4.6278532187044575e-05,0,0,0,0
136062.5,454762.5,802,54.382409350677555,1,-0.6790458126822789,8.536655137182668e-05,0,0,0,0
136137.5,454762.5,803,43.03413491332172,1,0.7407929969695668,5.73232591535442e-05,0,0,0,0
136712.5,454762.5,804,31.97015017777442,0,0.011850835924581471,3.248858627479365e-05,0,0,0,0
136887.5,454762.5,805,37.07884449467353,0,0.8634615675018802,-9.191902784603266e-05,0,0,0,0
137037.5,454762.5,806,46.274636969352585,1,1.052901466539887,-2.5555432863253144e-05,0,0,0,0
138737.5,454762.5,807,41.655055469800985,1,1.358708964399499,8.438364142558919e-05,0,0,0,0
135962.5,454737.5,808,48.02420736142103,1,1.6222852604266809,-8.395254774953316e-05,0,0,0,0
136137.5,454737.5,809,31.29415410682558,0,-0.05206853806025902,5.740090840857549e-05,0,0,0,0
137712.5,454737.5,810,46.86389037361589,1,1.2509354228711662,5.004560843869316e-05,0,0,0,0
138512.5,454737.5,811,51.37895845128861,1,0.7839549673632211,-7.354021791729702e-05,0,0,0,0
134887.5,454712.5,812,69.45237341247679,1,-0.47241532167018785,-1.7097980423128333e-05,0,0,0,0
135087.5,454712.5,813,45.81021950136302,1,0.5573920006422828,2.550380193862971e-05,0,0,0,0
135862.5,454712.5,814,45.62911629241982,1,1.2553308484227457,1.0368325322992659e-06,0,0,0,0
137012.5,454712.5,815,30.144038053636763,0,1.8478383014992623,-5.3784709338909203e-05,0,0,0,0
137062.5,454712.5,816,25.171309796951,0,-0.16119241904084491,7.008774740227388e-05,0,0,0,0
138662.5,454712.5,817,15.681022602369527,0,0.6757378636200806,-6.409504652095228e-05,0,0,0,0
134862.5,454687.5,818,43.217909095288086,1,1.1890304111762022,1.4361598254833592e-05,0,0,0,0
136812.5,454687.5,819,58.854660115456454,1,1.4528709955721726,7.685236953079208e-05,0,0,0,0
137187.5,454687.5,820,37.60460947955418,0,1.530842531169455,-4.69573489194306e-05,0,0,0,0
134587.5,454637.5,821,13.71072855699435,0,1.209058567696348,-5.5102793813239265e-05,0,0,0,0
136362.5,454637.5,822,40.520633054386366,1,1.7871929805537072,8.16221975891704e-05,0,0,0,0
139037.5,454637.5,823,36.52290495311289,0,0.3524392489696355,-1.835789054003474e-05,0,0,0,0
134437.5,454612.5,824,34.8550415547533,0,-0.5077489804753075,-2.8586670495780683e-05,0,0,0,0
136487.5,454612.5,825,56.211697244085386,1,1.5098948852331184,-5.131921959690509e-05,0,0,0,0
134912.5,454587.5,826,51.01567280569443,1,0.37597206580840403,3.8832077731567734e-05,0,0,0,0
134962.5,454587.5,827,53.594083771905304,1,0.6118598949513845,9.054048445657823e-05,0,0,0,0
135137.5,454587.5,828,30.723159971461996,0,0.6881353711733165,8.382861349461001e-05,0,0,0,0
136812.5,454587.5,829,42.287526206910684,1,0.31317218359554966,4.7588190476614305e-05,0,0,0,0
136987.5,454587.5,830,27.66670489245681,0,0.3976529506807518,-5.0646368669942145e-05,0,0,0,0
134462.5,454562.5,831,50.1266728514431,1,1.8670433372586333,3.141047062382608e-05,0,0,0,0
134512.5,454562.5,832,27.4744422952964,0,1.738573306555529,-6.784666994702972e-05,0,0,0,0
136012.5,454562.5,833,51.299353599147636,1,0.5150042001656776,-6.25775613166581e-05,0,0,0,0
136237.5,454562.5,834,41.196052072993595,1,1.020778499946573,6.295302802178009e-05,0,0,0,0
137112.5,454562.5,835,40.99422279434661,1,0.18927074711218816,2.8511136747189376e-05,0,0,0,0
134862.5,454537.5,836,24.27410451502178,0,-0.2415126713790403,-1.8134241442752333e-05,0,0,0,0
137062.5,454537.5,837,45.776333402553405,1,1.3533312473431458,6.217453443700426e-05,0,0,0,0
138112.5,454537.5,838,20.424093347331663,0,0.19293331341706033,-4.034484783696508e-05,0,0,0,0
134712.5,454512.5,839,26.191389105810398,0,1.3223556826693272,7.219149208740387e-05,0,0,0,0
134962.5,454512.5,840,29.280088922636256,0,1.0197775855900235,-5.093621880308441e-05,0,0,0,0
135012.5,454512.5,841,59.370206610734066,1,1.7794559622630164,-7.838650460833364e-05,0,0,0,0
135112.5,454512.5,842,39.727196199532905,1,1.2222491175281394,-5.607302155995855e-05,0,0,0,0
136037.5,454512.5,843,31.811937116993974,0,1.5669693615599627,-3.440861591813396e-05,0,0,0,0
136637.5,454512.5,844,43.88859422259576,1,-0.7920962531692095,7.59885426349882e-05,0,0,0,0
136887.5,454512.5,845,62.43658150171571,1,0.4223821821965461,4.958805320958363e-05,0,0,0,0
137937.5,454512.5,846,37.05164200804359,0,0.511437927796035,6.603322005840989e-05,0,0,0,0
138512.5,454512.5,847,28.030273276204362,0,-0.4028577593878664,-4.9409910775948055e-05,0,0,0,0
134912.5,454487.5,848,27.46026878996534,0,0.6148973478390776,-6.0607364638584786e-05,0,0,0,0
136462.5,454487.5,849,38.048755656180376,1,1.615391676097616,1.9216669562707674e-05,0,0,0,0
136562.5,454487.5,850,55.40407167780586,1,1.724071842615884,7.446601824470288e-05,0,0,0,0
136162.5,454462.5,851,37.17823205970345,0,1.0124733662431638,-6.77398352176939e-05,0,0,0,0
136987.5,454462.5,852,36.183309048157824,0,0.7943107592021126,4.652051314176917e-05,0,0,0,0
138237.5,454462.5,853,28.642087348119443,0,-0.06378975605323456,9.108981961915534e-05,0,0,0,0
138287.5,454462.5,854,27.13160056374219,0,0.9741288031171149,3.1303617611209714e-05,0,0,0,0
135237.5,454437.5,855,49.01556338419253,1,1.807613813628938,8.060778442698567e-06,0,0,0,0
135387.5,454437.5,856,42.026739298805424,1,1.7396327809913834,9.566493460898902e-06,0,0,0,0
136162.5,454437.5,857,42.69968960789669,1,0.742181227511788,-5.487193034204121e-05,0,0,0,0
134937.5,454412.5,858,24.750697364313684,0,1.4269154732633238,6.342464435538739e-05,0,0,0,0
135137.5,454412.5,859,44.149655241605174,1,1.1315248832976916,-1.7847309782940802e-05,0,0,0,0
135387.5,454412.5,860,41.76822015781711,1,1.9035247265528352,-3.0380521243541402e-05,0,0,0,0
137187.5,454412.5,861,53.73092940477095,1,0.30256830952900904,5.1463822280460714e-05,0,0,0,0
137737.5,454412.5,862,49.151877585084925,1,-0.7297428448955192,7.037845312834065e-05,0,0,0,0
135137.5,454387.5,863,36.1257407295329,0,1.8666155823961303,1.8192076129411956e-05,0,0,0,0
135387.5,454387.5,864,41.81200397342545,1,0.7879573553550099,-3.863318026257461e-05,0,0,0,0
135737.5,454387.5,865,41.686925691137546,1,0.7368824832667329,8.099547092154536e-05,0,0,0,0
136412.5,454387.5,866,37.485934701388196,0,1.124222861645869,4.304130136379576e-05,0,0,0,0
136537.5,454387.5,867,29.70311583571144,0,0.3047676508250099,5.134868024634952e-05,0,0,0,0
136887.5,454387.5,868,47.4714002696152,1,0.9978044276191862,5.522382432728881e-05,0,0,0,0
137512.5,454387.5,869,61.094024626301916,1,1.2354662897830635,-8.005973380188056e-05,0,0,0,0
138337.5,454387.5,870,37.491298230566194,0,0.926440040229962,4.4256309627883463e-05,0,0,0,0
135737.5,454362.5,871,54.91450505235743,1,0.8901013244987959,1.1958472488764608e-05,0,0,0,0
136362.5,454362.5,872,35.184159255250655,0,1.3883717157621467,-9.159250885015529e-05,0,0,0,0
136687.5,454362.5,873,34.99865947387624,0,1.2384256052703275,9.674206968647278e-05,0,0,0,0
135537.5,454337.5,874,38.15271170173235,1,1.1391000101994844,1.6939499782667937e-05,0,0,0,0
136437.5,454337.5,875,35.43378891276529,0,1.1039975941074216,6.117324686741791e-05,0,0,0,0
136837.5,454337.5,876,48.17464185395475,1,1.853133488452586,-7.427966405383868e-05,0,0,0,0
137837.5,454337.5,877,50.07010851571853,1,0.1938253424183296,7.515183057517859e-06,0,0,0,0
135437.5,454312.5,878,12.67880618139839,0,1.1688113376127873,8.125292038812041e-05,0,0,0,0
136387.5,454312.5,879,46.5986642647686,1,1.3048411399565008,1.2702834031754712e-05,0,0,0,0
135412.5,454287.5,880,42.387056279160376,1,0.6433830087056527,3.2996337533751594e-05,0,0,0,0
136562.5,454287.5,881,55.94741218356195,1,0.22144126381139584,8.359773232274641e-05,0,0,0,0
134862.5,454262.5,882,29.452609235067378,0,1.3696167940003372,3.2739751174907256e-05,0,0,0,0
135387.5,454262.5,883,39.736082901778104,1,0.7071416288049721,-4.0012606038259204e-05,0,0,0,0
136662.5,454262.5,884,50.64723622240984,1,0.3047508052564343,1.1356547008954548e-05,0,0,0,0
137612.5,454262.5,885,47.41837949580906,1,1.5124091542058449,-7.154139453969686e-05,0,0,0,0
137912.5,454262.5,886,53.812962935225436,1,1.120936453774649,1.62765979709895e-05,0,0,0,0
136837.5,454237.5,887,30.596183955460376,0,-0.29078997440657006,2.506832342195603e-05,0,0,0,0
134662.5,454212.5,888,31.68667179451773,0,0.4602652797127651,-9.688474001043321e-05,0,0,0,0
135787.5,454187.5,889,44.360519587256185,1,1.5840173927943577,-3.884577491431376e-05,0,0,0,0
135837.5,454187.5,890,24.673102605974332,0,-0.2266495798075152,-6.434704623982748e-05,0,0,0,0
136312.5,454187.5,891,42.91380966586341,1,1.3773476193201062,-2.1318847779615256e-05,0,0,0,0
134737.5,454162.5,892,47.812462952843184,1,-1.42327528234802,6.55431657617785e-05,0,0,0,0
135262.5,454162.5,893,41.8834355686692,1,0.7840819360343105,8.867557899750154e-05,0,0,0,0
136462.5,454162.5,894,24.888903137912457,0,0.44544242129272904,8.861046871766092e-05,0,0,0,0
137212.5,454162.5,895,32.62821560326944,0,0.6352759392203557,-9.003087420718839e-05,0,0,0,0
137937.5,454137.5,896,35.21596756494303,0,0.31120654774264356,-6.074085222480552e-05,0,0,0,0
134762.5,454112.5,897,42.57547853004101,1,1.2853734066583469,-9.683314933046055e-05,0,0,0,0
135912.5,454112.5,898,40.84000017766383,1,1.0813369455165627,-9.82218247554789e-05,0,0,0,0
135937.5,454112.5,899,33.995722921814426,0,-0.6278149584558383,-9.107832015159656e-05,0,0,0,0
136262.5,454112.5,900,21.439885331012622,0,0.3623406821769888,-1.1609015637434507e-05,0,0,0,0
136462.5,454112.5,901,19.963403841673077,0,-0.35500345751178464,9.815005437674576e-06,0,0,0,0
135487.5,454087.5,902,28.10661360183623,0,0.5679746052738421,-8.787638550336558e-06,0,0,0,0
136462.5,454087.5,903,27.79391807123165,0,1.2852790288954439,8.177550501770223e-05,0,0,0,0
135287.5,454062.5,904,31.789152970690765,0,-0.5540206460744244,7.4396757145164e-05,0,0,0,0
135512.5,454037.5,905,27.302041138293013,0,1.603546493365331,2.48185228724347e-05,0,0,0,0
136637.5,454037.5,906,36.536766897735106,0,-0.3387888336103144,-4.329584782121201e-05,0,0,0,0
136712.5,454037.5,907,31.924662144168245,0,-0.47910228800273136,-1.169030927360311e-06,0,0,0,0
138362.5,454037.5,908,39.964838585780846,1,1.736878441215298,-1.8822881697634503e-05,0,0,0,0
136212.5,454012.5,909,37.933982441520236,1,0.9546492377770832,-1.547810802592191e-05,0,0,0,0
137262.5,454012.5,910,43.901954583401135,1,1.6237913487034894,-2.352872781295443e-05,0,0,0,0
138512.5,454012.5,911,28.29233360073275,0,1.1769130109328807,-3.787358913665722e-05,0,0,0,0
134962.5,453987.5,912,29.034303924843016,0,1.469126758216543,-9.84467549153538e-05,0,0,0,0
135437.5,453987.5,913,26.786512469525665,0,1.3021787355862227,2.0961827626801583e-05,0,0,0,0
136912.5,453987.5,914,38.83876865896851,1,0.5645141402769052,5.007154448191592e-05,0,0,0,0
136462.5,453962.5,915,45.23985416147077,1,0.595274896722013,8.424192722356623e-05,0,0,0,0
135962.5,453937.5,916,49.49214977482309,1,0.3562110118750854,2.6267143415789496e-05,0,0,0,0
136287.5,453937.5,917,39.60858536098861,1,0.33026953454192043,5.96291664936402e-06,0,0,0,0
135962.5,453912.5,918,36.544474996243615,0,0.08815818426143185,1.087139133040711e-05,0,0,0,0
136562.5,453912.5,919,45.34769458823477,1,1.8397818267430046,9.386586656759092e-05,0,0,0,0
138162.5,453912.5,920,37.43823534917613,0,0.8259346688813136,6.379762439697919e-05,0,0,0,0
135937.5,453887.5,921,27.914176985262586,0,1.4148346570939734,-6.999364122311086e-05,0,0,0,0
136512.5,453887.5,922,45.37165185512926,1,0.5969883607189743,-2.7770850635141603e-05,0,0,0,0
137187.5,453887.5,923,33.71945075767963,0,1.3753382530099887,3.5329942235141066e-05,0,0,0,0
137337.5,453887.5,924,23.116265120472125,0,1.2649680179024716,-4.431591990856806e-06,0,0,0,0
137637.5,453887.5,925,36.05850675617187,0,1.2937326609450857,-6.895820522304598e-05,0,0,0,0
135837.5,453862.5,926,29.627290270324895,0,1.5019228223032948,3.493432391389767e-05,0,0,0,0
135887.5,453862.5,927,37.51564292585159,0,-0.9048254074057602,5.7052537210382294e-05,0,0,0,0
136912.5,453862.5,928,30.70459465665713,0,-0.8458119552684402,7.967708194992817e-05,0,0,0,0
137612.5,453862.5,929,34.6537997509181,0,1.6285422378675936,-2.847015393595604e-05,0,0,0,0
136362.5,453837.5,930,31.82267723751188,0,0.23390221539343603,-3.5838663119925525e-05,0,0,0,0
136662.5,453837.5,931,36.676454720027635,0,0.5738544508481773,-4.799186960551354e-05,0,0,0,0
135537.5,453812.5,932,43.65003437687357,1,1.2316824786804772,2.280719764521958e-05,0,0,0,0
135587.5,453812.5,933,40.3345950433086,1,-0.029858669231506818,-8.807895256475646e-05,0,0,0,0
136912.5,453812.5,934,37.89082894264189,0,1.5890852685876844,-4.142226014579611e-05,0,0,0,0
137037.5,453812.5,935,48.12436726111873,1,0.9320742915125431,3.1696576491946265e-05,0,0,0,0
137237.5,453812.5,936,24.28184079729124,0,1.6301469782607918,-8.374076508780781e-05,0,0,0,0
137012.5,453787.5,937,39.56527279726568,1,1.3854579660524178,-9.405448224757127e-05,0,0,0,0
135787.5,453762.5,938,49.597515352330824,1,0.4373241989915342,-7.71735707221321e-05,0,0,0,0
136487.5,453762.5,939,43.49480200268811,1,0.7055333788844043,-3.856053855771868e-05,0,0,0,0
136337.5,453737.5,940,49.14696993698245,1,1.5581154865644882,7.677352506466025e-05,0,0,0,0
137662.5,453712.5,941,28.63735540919253,0,0.8581853132076711,-6.98494644731833e-05,0,0,0,0
136487.5,453687.5,942,49.35971963881784,1,1.4243443775606304,-1.630766379071123e-05,0,0,0,0
137037.5,453687.5,943,30.888753635157116,0,1.2060241268382481,-9.006344612472837e-05,0,0,0,0
136362.5,453662.5,944,49.20171339107368,1,1.589952259648939,2.5273317506377838e-05,0,0,0,0
136587.5,453662.5,945,40.442634148614204,1,1.329986341127178,4.46289801570542e-05,0,0,0,0
136912.5,453662.5,946,46.49769733317362,1,0.7321633820468665,-9.223612341112788e-05,0,0,0,0
137262.5,453637.5,947,30.092478012323323,0,-1.0123485205475977,9.07552975712327e-05,0,0,0,0
136662.5,453612.5,948,35.74913345087733,0,-0.8126576844921103,2.6445624336642642e-05,0,0,0,0
135937.5,453587.5,949,19.51241552553926,0,0.559512797212744,-3.976510822633523e-05,0,0,0,0
136412.5,453587.5,950,41.54908540596893,1,1.69047621724412,9.43093727550078e-05,0,0,0,0
136962.5,453587.5,951,45.39467615691777,1,1.42705969731833,4.48691400006431e-05,0,0,0,0
136262.5,453562.5,952,41.75021047682211,1,0.5555718043804379,2.223793843486245e-05,0,0,0,0
136637.5,453512.5,953,49.40001129960139,1,0.6985167809142396,-4.0691189119921716e-05,0,0,0,0
136287.5,453487.5,954,44.258399105566234,1,1.307611132534698,2.777920698143108e-05,0,0,0,0
136737.5,453487.5,955,39.55408583141726,1,0.9951395935500704,3.8026415642990435e-08,0,0,0,0
137012.5,453487.5,956,43.83138072760406,1,0.0744589163041196,-1.1907338404311402e-05,0,0,0,0
136837.5,453462.5,957,32.871136660723955,0,0.4877206423744189,-4.208912740888333e-05,0,0,0,0
136962.5,453462.5,958,47.58899621258255,1,1.906719514307882,-2.815375748339129e-05,0,0,0,0
136312.5,453437.5,959,41.11681360965638,1,-0.27242648962106,-7.37046494350143e-05,0,0,0,0
137112.5,453412.5,960,41.72731625294229,1,0.968103236774696,-8.260626234903177e-05,0,0,0,0
136687.5,453387.5,961,37.03398522018066,0,-0.12905674650659593,6.844088594269581e-05,0,0,0,0
136812.5,453312.5,962,32.634920012555185,0,0.6541662500201211,6.53530977943968e-07,0,0,0,0
